 0.000000000000000e+00, 2.499999999999999e-01, 0.000000000000000e+00, 2.499999999999999e-01, 0.000000000000000e+00, 2.499999999999999e-01, 0.000000000000000e+00, 2.499999999999999e-01, 0.000000000000000e+00, 2.499999999999999e-01, 0.000000000000000e+00, 2.499999999999999e-01, 0.000000000000000e+00, 2.499999999999999e-01, 0.000000000000000e+00, 2.499999999999999e-01, 0.000000000000000e+00, 2.500000000000001e-01, 0.000000000000000e+00, 2.499999999999999e-01, 0.000000000000000e+00, 2.500000000000001e-01, 0.000000000000000e+00, 2.500000000000000e-01, 0.000000000000000e+00, 2.499999999999999e-01, 0.000000000000000e+00, 2.499999999999999e-01, 0.000000000000000e+00, 2.500000000000000e-01, 0.000000000000000e+00, 2.500000000000000e-01, 0.000000000000000e+00
 1.000000000000000e-02, 3.272515586157223e-01,-5.224327845388711e-07, 3.272337541469785e-01, 3.268518065895538e-03, 2.377533592352671e-01, 2.371677824000685e-03, 2.377168008987188e-01, 4.746661312015811e-03, 3.272344328901727e-01,-3.267951173969032e-03, 3.272494183227355e-01, 1.059825159055320e-06, 2.377646025880087e-01,-2.104830340879556e-06, 2.377517784749867e-01, 2.373171523288804e-03, 2.377535398194673e-01,-2.373088871434498e-03, 2.377643064873542e-01, 2.050857289811808e-06, 1.727502131887342e-01,-7.027634241580857e-07, 1.727408719112658e-01, 1.725039516909944e-03, 2.377170962588157e-01,-4.746898248039385e-03, 2.377516862075590e-01,-2.372020552503889e-03, 1.727409245900045e-01,-1.725477740679617e-03, 1.727488298374499e-01, 3.029986881047464e-07
 2.000000000000000e-02, 3.969239685916047e-01,-1.486866757565222e-06, 3.968396128368417e-01, 7.927700491217661e-03, 2.022209164763680e-01, 4.021161259720763e-03, 2.020977659631490e-01, 8.060111999993555e-03, 3.968398709849714e-01,-7.926254918793261e-03, 3.969142066766987e-01, 2.978500428520506e-06, 2.022583839123297e-01,-1.697525424327207e-05, 2.022158615206464e-01, 4.023664567975116e-03, 2.022213901033420e-01,-4.023904007518486e-03, 2.022587816715004e-01, 1.664486951341365e-05, 1.030823970439797e-01,-9.708902813433153e-07, 1.030605890272360e-01, 2.058323843810019e-03, 2.020975396371732e-01,-8.060860891260384e-03, 2.022157880395103e-01,-4.021910378579231e-03, 1.030601934839615e-01,-2.059219564564999e-03, 1.030794915090935e-01, 1.114789060956741e-07
 3.000000000000000e-02, 4.521898441665071e-01,-2.526128811054795e-06, 4.519733630843894e-01, 1.354530629606720e-02, 1.469056825789468e-01, 4.341088378585049e-03, 1.467055315918513e-01, 8.740504162171946e-03, 4.519716118475397e-01,-1.354302295678800e-02, 4.521615760813726e-01, 4.927865477676562e-06, 1.469648631563748e-01,-5.998339169947927e-05, 1.468964510178682e-01, 4.343347594807283e-03, 1.469063555895491e-01,-4.344091864972303e-03, 1.469661514802055e-01, 5.937511597402375e-05, 4.782595680080366e-02,-7.272385533079210e-07, 4.780316142068271e-02, 1.432200889217048e-03, 1.467045995500168e-01,-8.741734605193780e-03, 1.468964636643530e-01,-4.342156289377029e-03, 4.780262760613896e-02,-1.433124968819389e-03, 4.782272947508432e-02,-1.975699757492816e-07
 4.000000000000000e-02, 4.876408600475222e-01,-3.062656559393515e-06, 4.872234127241648e-01, 1.947380910351081e-02, 7.725490347880766e-02, 2.949013303615366e-03, 7.707130423769151e-02, 6.032252759643602e-03, 4.872188298494323e-01,-1.947065178425488e-02, 4.875805543350819e-01, 6.278073030425643e-06, 7.730604044825201e-02,-1.377679923855294e-04, 7.724554236949713e-02, 2.950092040606051e-03, 7.725586314372246e-02,-2.951223015601569e-03, 7.730758184943717e-02, 1.369808974062607e-04, 1.239020044466720e-02,-2.997451967947794e-07, 1.237965746382868e-02, 4.945950854965443e-04, 7.707038552316456e-02,-6.033750730171630e-03, 7.724558251949419e-02,-2.950284179064898e-03, 1.237938083917853e-02,-4.951350118191113e-04, 1.238858852490060e-02,-2.580127775502817e-07
 5.000000000000000e-02, 4.998140570384852e-01,-2.850348154982696e-06, 4.991415968868354e-01, 2.494728838689857e-02, 1.207194453595377e-04,-2.419546779591978e-04, 1.330300094366576e-04,-2.355210752858882e-04, 4.991338665008168e-01,-2.494274921759509e-02, 4.997096049615353e-01, 7.262423405986554e-06, 1.090092281382921e-04,-2.475853677342828e-04, 1.212910848197041e-04,-2.418814782650165e-04, 1.224927833956137e-04, 2.410577779085596e-04, 1.102929313935991e-04, 2.468475853549482e-04, 2.382221834462636e-04,-1.958597305788288e-07, 2.379120453765222e-04, 1.169611641730434e-05, 1.329937973974792e-04, 2.332830374824133e-04, 1.211679865801715e-04, 2.396085239985607e-04, 2.378930161797900e-04,-1.216067503013690e-05, 2.381817876651281e-04,-2.692085978232216e-07
 6.000000000000000e-02, 4.997071718645834e-01,-2.849164582683500e-06, 4.987467419793459e-01, 2.991448327839825e-02, 1.237004190754130e-04,-3.512887275932370e-04, 1.448870627256288e-04,-3.431178442853151e-04, 4.987390638349558e-01,-2.990986947003068e-02, 4.995750517576091e-01, 7.259008645460127e-06, 1.029617698554666e-04,-3.579518395508504e-04, 1.242648145927424e-04,-3.511713596784115e-04, 1.254714495001759e-04, 3.503723330059870e-04, 1.042518745469921e-04, 3.572101294011226e-04, 3.589641024889127e-04,-1.954617523198509e-07, 3.582863968389367e-04, 2.129609769690446e-05, 1.448127303468646e-04, 3.408837873152784e-04, 1.241244601035165e-04, 3.489004531869154e-04, 3.582595741900899e-04,-2.175767723889672e-05, 3.588771774208299e-04,-2.670316125269232e-07
 7.000000000000001e-02, 4.996016011774713e-01,-2.848235135435168e-06, 4.983032905196466e-01, 3.487416835870778e-02, 1.276779336931552e-04,-4.402907569220550e-04, 1.584732931696549e-04,-4.301356949041204e-04, 4.982956652365202e-01,-3.486948113348142e-02, 4.994411183796938e-01, 7.255145107461919e-06, 9.714075472032757e-05,-4.479947893747602e-04, 1.282343659756334e-04,-4.401229102653144e-04, 1.294454460688944e-04, 4.393554785281322e-04, 9.843612649435020e-05, 4.472493826887549e-04, 4.787455766571854e-04,-1.949413481487484e-07, 4.775154833709647e-04, 3.322684432181508e-05, 1.583599689586190e-04, 4.279065702977359e-04, 1.280756844587466e-04, 4.378540721580187e-04, 4.774813140607337e-04,-3.368500457212135e-05, 4.785986791434466e-04,-2.646050201693125e-07
 8.000000000000000e-02, 4.995042052368736e-01,-2.847216842637862e-06, 4.978179033225395e-01, 3.982709599436768e-02, 1.324371817669417e-04,-5.077490914485772e-04, 1.728657050914744e-04,-4.953689301007149e-04, 4.978103312102811e-01,-3.982233604040238e-02, 4.993141396512961e-01, 7.251026559556423e-06, 9.203435337915215e-05,-5.165331147318229e-04, 1.329845420438854e-04,-5.075271750137142e-04, 1.341994513589507e-04, 5.067955357762842e-04, 9.333344683297723e-05, 5.157845412640331e-04, 5.909686871009173e-04,-1.943771306227090e-07, 5.889893967293878e-04, 4.692979350400405e-05, 1.727120661632460e-04, 4.931459318714364e-04, 1.328061487012898e-04, 5.052609640617292e-04, 5.889482755587389e-04,-4.738444279757102e-05, 5.907497998862868e-04,-2.621956702766922e-07
 9.000000000000001e-02, 4.994180423318323e-01,-2.846081554382096e-06, 4.972935632903268e-01, 4.477358354392314e-02, 1.377753642331389e-04,-5.565593900850462e-04, 1.874746016363926e-04,-5.417258290210687e-04, 4.972860445111859e-01,-4.476875127380639e-02, 4.991969127619802e-01, 7.246902110204928e-06, 8.782176621836610e-05,-5.664847056793923e-04, 1.383123023366606e-04,-5.562815145598370e-04, 1.395311626203794e-04, 5.555877936276031e-04, 8.912362286992874e-05, 5.657332741654319e-04, 6.927048033972205e-04,-1.938170580003553e-07, 6.897756487503866e-04, 6.191332441104203e-05, 1.872796934036518e-04, 5.395094206995045e-04, 1.381132898773181e-04, 5.540178944726716e-04, 6.897279632070076e-04,-6.236450962616389e-05, 6.924033338250364e-04,-2.598887261198761e-07
 1.000000000000000e-01, 4.993438221564879e-01,-2.844866859676165e-06, 4.967310246129626e-01, 4.971366645822582e-02, 1.435255201941437e-04,-5.906746980017634e-04, 2.019674361321878e-04,-5.731728836346211e-04, 4.967235593060048e-01,-4.970876214723571e-02, 4.990901297844649e-01, 7.242948735337873e-06, 8.449713030181421e-05,-6.018165892178873e-04, 1.440506121420609e-04,-5.903399915788356e-04, 1.452740301660482e-04, 5.896852004631197e-04, 8.580119714028392e-05, 6.010626034919061e-04, 7.832522501795966e-04,-1.932862626920817e-07, 7.791732075049513e-04, 7.779156604062755e-05, 2.017308212272834e-04, 5.709634189466648e-04, 1.438305865092301e-04, 5.880789232327929e-04, 7.791192880128775e-04,-7.823939566200592e-05, 7.828589283853969e-04,-2.577158277473592e-07
 1.100000000000000e-01, 4.992809794327330e-01,-2.843616370637458e-06, 4.961298425156552e-01, 5.464719913086281e-02, 1.495597256187035e-04,-6.138209000190794e-04, 2.161835398880736e-04,-5.934475568874291e-04, 4.961224308489338e-01,-5.464222300849281e-02, 4.989933559424366e-01, 7.239260740376369e-06, 8.196107831229539e-05,-6.262619870054340e-04, 1.500715290355885e-04,-6.134290838663935e-04, 1.513003092135086e-04, 6.128136636677572e-04, 8.326696094967714e-05, 6.255058202101518e-04, 8.631104254552600e-04,-1.928310607162846e-07, 8.576840762224378e-04, 9.428265950059799e-05, 2.159049863066122e-04, 5.912454657645873e-04, 1.498302797956192e-04, 6.111706569868729e-04, 8.576241913013746e-04,-9.472734677598967e-05, 8.626172652192530e-04,-2.557361545750935e-07
 1.200000000000000e-01, 4.992283623576095e-01,-2.842366270804780e-06, 4.954890230359487e-01, 5.957392079050475e-02, 1.557841585005751e-04,-6.290610248066028e-04, 2.300656012886331e-04,-6.056218182409717e-04, 4.954816652275537e-01,-5.956887308705105e-02, 4.989056366243041e-01, 7.235875034036082e-06, 8.007933426727021e-05,-6.428865835746332e-04, 1.562812590258394e-04,-6.286121779442098e-04, 1.575162913660856e-04, 6.280362097195140e-04, 8.138672777945765e-05, 6.421286007735839e-04, 9.333319271277880e-04,-1.924587889541278e-07, 9.263638386795593e-04, 1.111910413314884e-04, 2.297449938366737e-04, 6.034275677514967e-04, 1.560186604147489e-04, 6.263565170359215e-04, 9.262982127166039e-04,-1.116328210181955e-04, 9.327321319696779e-04,-2.539600589786858e-07
 1.300000000000000e-01, 4.991846349032802e-01,-2.841144809979934e-06, 4.948073998391613e-01, 6.449349823574538e-02, 1.621320012696233e-04,-6.387386873905822e-04, 2.436121492359500e-04,-6.120457465410381e-04, 4.948000961672808e-01,-6.448837920987513e-02, 4.988258468138290e-01, 7.232794840425494e-06, 7.871594733465268e-05,-6.540336813559436e-04, 1.626130266812213e-04,-6.382330924160131e-04, 1.638552200325564e-04, 6.376964388161393e-04, 8.002459535854100e-05, 6.532742041009760e-04, 9.951467366229741e-04,-1.921500944661672e-07, 9.864450608681394e-04, 1.283862247000110e-04, 2.432494305459252e-04, 6.098598233203827e-04, 1.623289873738959e-04, 6.359803194349927e-04, 9.863738797819374e-04,-1.288252899700317e-04, 9.944345687397437e-04,-2.523683797614115e-07
 1.400000000000000e-01, 4.991484909611873e-01,-2.839965315394599e-06, 4.940838342772136e-01, 6.940555330603125e-02, 1.685566325165672e-04,-6.445692378970371e-04, 2.568475944850696e-04,-6.144392144993300e-04, 4.940765850835452e-01,-6.940036325737606e-02, 4.987528764283073e-01, 7.230001346912596e-06, 7.774959279133150e-05,-6.614166610027568e-04, 1.690202588318110e-04,-6.440072784208167e-04, 1.702704807794707e-04, 6.435096829536657e-04, 7.905923274036469e-05, 6.606559545966633e-04, 1.049762463071172e-03,-1.918513531502211e-07, 1.039137226518696e-03, 1.457837093908236e-04, 2.564427246616275e-04, 6.122621595935728e-04, 1.687146767122172e-04, 6.417575427448397e-04, 1.039060654901238e-03,-1.462201500582141e-04, 1.048933097642369e-03,-2.509115964078630e-07
 1.500000000000000e-01, 4.991187539740573e-01,-2.838835210301760e-06, 4.933173087277503e-01, 7.430968030366550e-02, 1.750259948448044e-04,-6.477708797752345e-04, 2.698049054339029e-04,-6.140236042516630e-04, 4.933101143968635e-01,-7.430441956309519e-02, 4.986857173606551e-01, 7.227471767477789e-06, 7.707959781387566e-05,-6.662510060632244e-04, 1.754709437221863e-04,-6.471529604140747e-04, 1.767301151537563e-04, 6.466939522025253e-04, 7.839008318794271e-05, 6.654891164345102e-04, 1.098270971364854e-03,-1.916353179067616e-07, 1.085533376844957e-03, 1.633297184784415e-04, 2.693578775368743e-04, 6.118561364379666e-04, 1.751437136050545e-04, 6.449065520444276e-04, 1.085451536260460e-03,-1.637637362337704e-04, 1.097320347985886e-03,-2.496185187001148e-07
 1.600000000000000e-01, 4.990951733450287e-01,-2.838457388028293e-06, 4.686050681281203e-01, 7.537296956598893e-02,-2.434215307219469e-02, 1.515622543703596e-01, 3.577015281313323e-04,-6.123316080205608e-04, 4.685979406174069e-01,-7.536842324444717e-02, 4.515083750518332e-01, 6.132279303877608e-06,-6.007031093544987e-07, 1.456679458353651e-01, 2.618172376699143e-04,-9.624095737659401e-04,-2.433889386109160e-02,-1.515610888778833e-01, 4.819853877313998e-06,-1.456687087611249e-01, 4.825598832488439e-02, 9.026322955784163e-07, 8.698490248369856e-04, 1.050276510783724e-04, 3.572124406742200e-04, 6.101745373733906e-04, 2.616196040295031e-04, 9.602500052408724e-04, 8.704587895918799e-04,-1.055458970568901e-04, 1.140525945014204e-03,-2.491727337631557e-07
 1.700000000000000e-01, 4.990717210296491e-01,-2.838491431657320e-06, 3.981566147426545e-01, 6.805675779696774e-02,-4.940215573271968e-02, 2.883843586245672e-01, 5.768122138156626e-04,-5.947292335870698e-04, 3.981502310501293e-01,-6.805337952731769e-02, 3.273571248821509e-01, 4.039116414715493e-06,-2.086185962080368e-04, 2.363101929232277e-01, 3.723357804179851e-04,-1.172564199944470e-03,-4.939761761140267e-02,-2.883810942754144e-01,-2.011606720180824e-04,-2.363109576789692e-01, 1.723881130966678e-01, 2.995594588487381e-06, 5.590260606871591e-04,-2.885648570039034e-05, 5.762809885075457e-04, 5.925841542960867e-04, 3.722909298432648e-04, 1.170699971945931e-03, 5.602656701385317e-04, 2.829262313994412e-05, 1.183103633047641e-03,-2.489353247796516e-07
 1.800000000000000e-01, 4.990348807353485e-01,-2.838613717491556e-06, 2.890516186337743e-01, 5.220905228981600e-02,-7.205750839833167e-02, 3.964403247757853e-01, 8.862052226635622e-04,-5.488679145391371e-04, 2.890465749671299e-01,-5.220719403882659e-02, 1.736886660198791e-01, 1.747781548593064e-06,-5.061196613785797e-04, 2.366713466768385e-01, 4.364122553019295e-04,-1.233489775113018e-03,-7.205209849376618e-02,-3.964353028429693e-01,-4.994740979181109e-04,-2.366721140112316e-01, 3.260403747380008e-01, 5.286851058647346e-06, 1.959939474505418e-04,-2.558871620053360e-04, 8.856316586597201e-04, 5.467362962665305e-04, 4.365315042003423e-04, 1.232099650375135e-03, 1.977408123530912e-04, 2.553226745261117e-04, 1.236141114298669e-03,-2.487604961625193e-07
 1.900000000000000e-01, 4.989725573309102e-01,-2.838400884212777e-06, 1.521499335507862e-01, 2.873160011892614e-02,-8.935887407548369e-02, 4.652401626384347e-01, 1.244453219948764e-03,-4.750793016595413e-04, 1.521466892202011e-01,-2.873147490437081e-02, 4.920533540307352e-02, 1.332604662816067e-07,-8.524117580672990e-04, 1.466786939451605e-01, 3.869028591211195e-04,-1.141181028348254e-03,-8.935309389910767e-02,-4.652338867405790e-01,-8.491159255485381e-04,-1.466794644591923e-01, 4.505116391844620e-01, 6.900785798437392e-06,-1.725616602660501e-04,-5.456482921433817e-04, 1.243837154223549e-03, 4.729623983719849e-04, 3.871838852731641e-04, 1.140397034669151e-03,-1.704784262394373e-04, 5.451306666109787e-04, 1.310530647112268e-03,-2.484447919799421e-07
 2.000000000000000e-01, 4.988782990411035e-01,-2.837400032269788e-06, 1.007622627051012e-03,-4.573791346818170e-04,-9.873230595551809e-02, 4.882081817519486e-01, 1.620100287148162e-03,-3.811151760526983e-04, 1.006456858870302e-03, 4.557216032907026e-04, 1.412750869321330e-03,-1.882052710775123e-07,-1.217168568267631e-03, 7.720436180062984e-04, 1.878084932774004e-04,-9.176630968778441e-04,-9.872670415702220e-02,-4.882012670739713e-01,-1.218478257854484e-03,-7.728167109053055e-04, 4.982964264766614e-01, 7.220836630156269e-06,-5.112937135877786e-04,-8.346668485461777e-04, 1.619441553784227e-03, 3.790132408834081e-04, 1.882352092073879e-04, 9.175577006047330e-04,-5.090775776286488e-04, 8.342419467016421e-04, 1.412584280395219e-03,-2.479792929335149e-07
 2.100000000000000e-01, 4.987517472845754e-01,-2.836425110307184e-06,-1.494775746726338e-01,-3.258910941153420e-02,-9.832084929681148e-02, 4.633174069882627e-01, 1.993862224115383e-03,-2.770627936345867e-04,-1.494765841563192e-01, 3.258578990423346e-02, 4.848292803310906e-02, 9.038606330925847e-07,-1.582289882200449e-03,-1.452879126660967e-01,-1.562617911920481e-04,-5.945987315891324e-04,-9.831596745799517e-02,-4.633105192803637e-01,-1.587699883159099e-03, 1.452871363667969e-01, 4.512221472551450e-01, 6.124769047315126e-06,-7.975350142476823e-04,-1.049753010392035e-03, 1.993161214242071e-03, 2.749776944878396e-04,-1.557213721102091e-04, 5.951785743857600e-04,-7.954004269419995e-04, 1.049461437507846e-03, 1.543237701108704e-03,-2.450629744206630e-07
 2.200000000000000e-01, 4.985971049585021e-01,-2.834176514573961e-06,-2.845501583832800e-01,-6.431715766184640e-02,-8.725376949878125e-02, 3.932658428551455e-01, 2.356621347487389e-03,-1.719731801209244e-04,-2.845471410526924e-01, 6.431246010388569e-02, 1.723450349953535e-01, 2.987064219167612e-06,-1.939546796899019e-03,-2.357402474978309e-01,-6.046714261217154e-04,-2.040673004203132e-04,-8.725009425299957e-02,-3.932596341113462e-01,-1.946988222298010e-03, 2.357394678713410e-01, 3.273587236319517e-01, 4.033443583580099e-06,-1.015086438125268e-03,-1.128099020797944e-03, 2.355877486336650e-03, 1.699057301675049e-04,-6.040588012943850e-04, 2.052723071124141e-04,-1.013237914297145e-03, 1.127971590713989e-03, 1.699196520287914e-03,-2.394036183535515e-07
 2.300000000000000e-01, 4.984210805065914e-01,-2.830688978085194e-06,-3.910564437491434e-01,-9.206926590806663e-02,-6.581447052724529e-02, 2.851797327173093e-01, 2.706078151933952e-03,-7.224917077262253e-05,-3.910517179430090e-01, 9.206361630358748e-02, 3.256274063081575e-01, 5.267468703086531e-06,-2.286977603894636e-03,-2.361188336655110e-01,-1.092290096484962e-03, 2.226015558418519e-04,-6.581238071999845e-02,-2.851747794608426e-01,-2.293609888661292e-03, 2.361180511016225e-01, 1.740768776486244e-01, 1.744478745580209e-06,-1.148246480073536e-03,-1.029808856691655e-03, 2.705291167133809e-03, 7.019985360670708e-05,-1.091654044424284e-03,-2.208913094201626e-04,-1.146860971204039e-03, 1.029861608177724e-03, 1.874695539218431e-03,-2.345595086840650e-07
 2.400000000000000e-01, 4.982310963197507e-01,-2.826600814333224e-06,-4.587325246898959e-01,-1.124433606646741e-01,-3.548591998438348e-02, 1.498793288845391e-01, 3.043638491620336e-03, 1.869028864645789e-05,-4.587265657913402e-01, 1.124372850829186e-01, 4.497812970013505e-01, 6.873471758275795e-06,-2.625686646223682e-03,-1.463888772823718e-01,-1.542604043243028e-03, 6.518508066668469e-04,-3.548564738262790e-02,-1.498760788087761e-01,-2.628980598182135e-03, 1.463880913170688e-01, 4.992455487547622e-02, 1.304962325009325e-07,-1.180519686266871e-03,-7.433069623861699e-04, 3.042809069555829e-03,-2.072010626407719e-05,-1.541997750936452e-03,-6.498033566811562e-04,-1.179727781382937e-03, 7.435422173360179e-04, 2.063111839460681e-03,-2.307760668152385e-07
 2.500000000000000e-01, 4.980340563862918e-01,-2.821991451740224e-06,-4.811946518632226e-01,-1.226068805697102e-01, 1.137300399828554e-03, 7.860382933001999e-04, 3.372142636625085e-03, 1.000266831599646e-04,-4.811880450640583e-01, 1.226009558048002e-01, 4.974506815561373e-01, 7.191019843019730e-06,-2.957688405958688e-03,-9.187595903841613e-04,-1.879746506789559e-03, 1.045374312880231e-03, 1.135695781679794e-03,-7.847699331796030e-04,-2.956391675459330e-03, 9.179687666776310e-04, 2.257200195938038e-03,-1.941617517948384e-07,-1.098288510205701e-03,-2.857197793470020e-04, 3.371271852596538e-03,-1.020355043431517e-04,-1.879224007335397e-03,-1.043189363179824e-03,-1.098163198548726e-03, 2.861254326881852e-04, 2.258121327919637e-03,-2.276759529848795e-07
 2.600000000000000e-01, 4.978356666470659e-01,-2.816378684926402e-06,-4.565382622689059e-01,-1.206553092764476e-01, 4.056800589442580e-02,-1.474167353536777e-01, 3.694492599034767e-03, 1.728677095584842e-04,-4.565316443883125e-01, 1.206501101942952e-01, 4.505402881306002e-01, 6.100535452344125e-06,-3.284824659028933e-03, 1.446852206866757e-01,-2.038684001753385e-03, 1.360950126655889e-03, 4.056464457485556e-02, 1.474159377660390e-01,-3.279437735251620e-03,-1.446860182560382e-01, 4.916972786976877e-02, 8.888913340717591e-07,-8.970185121721403e-04, 2.999778073637129e-04, 3.693580546113990e-03,-1.748535112290651e-04,-2.038296609522877e-03,-1.358842949351423e-03,-8.975764165380320e-04,-2.994306844679883e-04, 2.454380539035136e-03,-2.252583993026793e-07
 2.700000000000000e-01, 4.976401746957648e-01,-2.812564482729263e-06,-3.874915789221036e-01,-1.058872438794891e-01, 7.875940326592033e-02,-2.802349717301987e-01, 4.012986021952263e-03, 2.395388620658676e-04,-3.874855763128223e-01, 1.058832827189122e-01, 3.270879407499037e-01, 4.017208542705930e-06,-3.608464941040623e-03, 2.348371996508384e-01,-1.973497179701328e-03, 1.557136681371096e-03, 7.875457754263067e-02, 2.802322212309182e-01,-3.601046999543688e-03,-2.348380027708155e-01, 1.726241102050254e-01, 2.965030774895391e-06,-5.868470440740076e-04, 9.500941221883968e-04, 4.012034091887324e-03,-2.414991495723746e-04,-1.973285178473355e-03,-1.555312007697648e-03,-5.880233484241378e-04,-9.494476169433411e-04, 2.647840257423745e-03,-2.226581334819288e-07
 2.800000000000000e-01, 4.974503841460339e-01,-2.809297359199214e-06,-2.811134085545873e-01,-7.896012664611238e-02, 1.115208551047792e-01,-3.847846468287357e-01, 4.329119634554734e-03, 3.029816233876704e-04,-2.811085770186211e-01, 7.895780535196460e-02, 1.743312991330083e-01, 1.736369010869182e-06,-3.929625930697019e-03, 2.351953978819080e-01,-1.663622623008016e-03, 1.600451974866075e-03, 1.115150044390595e-01, 3.847802384872824e-01,-3.923008873035289e-03,-2.351962055208261e-01, 3.253826168993700e-01, 5.241369768416854e-06,-1.950142326007575e-04, 1.587206762193043e-03, 4.328128191539811e-03,-3.049177134802985e-04,-1.663612904931892e-03,-1.599083308675723e-03,-1.966879167115530e-04,-1.586514463082202e-03, 2.835765699277458e-03,-2.215268795239611e-07
 2.900000000000000e-01, 4.972678188107940e-01,-2.806459174914400e-06,-1.480688384529095e-01,-4.190247833566193e-02, 1.349739009104670e-01,-4.510431922100068e-01, 4.643648660465762e-03, 3.662929307005295e-04,-1.480656122350939e-01, 4.190204777251660e-02, 5.063405846208285e-02, 1.266869383079183e-07,-4.249183383149236e-03, 1.457470493953302e-01,-1.117679418754932e-03, 1.472774266927573e-03, 1.349675727814532e-01, 4.510375717109997e-01,-4.245889991338989e-03,-1.457478608256223e-01, 4.490815540571222e-01, 6.846909548302582e-06, 2.358792416960035e-04, 2.128690520765982e-03, 4.642617153064038e-03,-3.682056806689389e-04,-1.117882185647185e-03,-1.471988762194688e-03, 2.338730475254854e-04,-2.128013231315198e-03, 3.016633737853391e-03,-2.203695490530285e-07
 3.000000000000000e-01, 4.970929474130120e-01,-2.803522866537400e-06,-1.557008539162173e-03, 2.026328526087182e-03, 1.459992002505562e-01,-4.728109262722440e-01, 4.956758166652596e-03, 4.323968641945966e-04,-1.555662509195624e-03,-2.024797714170579e-03, 3.187102334214141e-03,-1.988421129896657e-07,-4.567983846205677e-03, 7.687315657856185e-04,-3.743607958687631e-04, 1.176727421231529e-03, 1.459929985037265e-01, 4.728046458081268e-01,-4.569269608861300e-03,-7.695466507103613e-04, 4.965300665403537e-01, 7.167902804888771e-06, 6.534710894334690e-04, 2.496245416706588e-03, 4.955687923204429e-03,-4.342834826275270e-04,-3.747676802896295e-04,-1.176595844960973e-03, 6.513255488744501e-04,-2.495647286806570e-03, 3.189942982840473e-03,-2.189714526033273e-07
 3.100000000000000e-01, 4.969239503290754e-01,-2.800020413251669e-06,-1.622183585222547e-03, 2.156063993558729e-03, 1.506671767115555e-01,-4.708394478599653e-01, 5.239113410109209e-03, 5.260493418407079e-04,-1.620823630808320e-03,-2.154544381486388e-03, 3.356163200394820e-03,-1.987940308301010e-07,-4.859847812028194e-03, 7.480166601534766e-04,-3.349800782172758e-04, 1.009064053246986e-03, 1.506609244798957e-01, 4.708332307889291e-01,-4.861132116691416e-03,-7.488371451510861e-04, 4.963606396784465e-01, 7.162374239096103e-06, 6.720306967129071e-04, 2.635055358024773e-03, 5.238007160913168e-03,-5.279088188290784e-04,-3.353907225414248e-04,-1.008929672265952e-03, 6.698913573912702e-04,-2.634437544053956e-03, 3.359306439818520e-03,-2.171589898120399e-07
 3.200000000000000e-01, 4.967660031166026e-01,-2.796389889432593e-06,-1.679838403608326e-03, 2.238209594505869e-03, 1.553158303032565e-01,-4.688403581911719e-01, 5.455430258314157e-03, 6.550504567112998e-04,-1.678463299777711e-03,-2.236701582098290e-03, 3.517994301415139e-03,-1.992643608484139e-07,-5.087935553017326e-03, 7.583200518650749e-04,-2.945075206157785e-04, 8.496502146024812e-04, 1.553095263650515e-01, 4.688342051194077e-01,-5.089217204512254e-03,-7.591433495633866e-04, 4.961947945610052e-01, 7.157200469766478e-06, 6.806801157036742e-04, 2.761578972783423e-03, 5.454287785422397e-03,-6.568848861485113e-04,-2.949216316156079e-04,-8.495132374261353e-04, 6.785485829237819e-04,-2.760940869593137e-03, 3.521268069828976e-03,-2.154421834280268e-07
 3.300000000000000e-01, 4.966250344405469e-01,-2.792958751322849e-06,-1.729595624185912e-03, 2.283216522006934e-03, 1.599471311304731e-01,-4.668321885802811e-01, 5.609180009942891e-03, 8.015781782196103e-04,-1.728205146643268e-03,-2.281720831926425e-03, 3.666294847481151e-03,-2.001648477831068e-07,-5.256235162735229e-03, 7.838692888997123e-04,-2.552019488725199e-04, 7.045151765675424e-04, 1.599407747007031e-01, 4.668261000602912e-01,-5.257514121093976e-03,-7.846940519511712e-04, 4.960391592973857e-01, 7.152560755577242e-06, 6.796344618140625e-04, 2.868723990285029e-03, 5.608001427006773e-03,-8.033881867054444e-04,-2.556191851540559e-04,-7.043755212813058e-04, 6.775107694355159e-04,-2.868065399242890e-03, 3.669571732924811e-03,-2.138411229961161e-07
 3.400000000000000e-01, 4.965028248949768e-01,-2.789634724414958e-06,-1.772386865458914e-03, 2.301756471671686e-03, 1.645620546356782e-01,-4.648219970756798e-01, 5.711067431337014e-03, 9.542915325898955e-04,-1.770981168651999e-03,-2.300273840947318e-03, 3.798774303028729e-03,-2.012978506276460e-07,-5.375678842799706e-03, 8.147900369949320e-04,-2.182427208681390e-04, 5.756937354328213e-04, 1.645556450622995e-01, 4.648159735749329e-01,-5.376955419340428e-03,-8.156157608267645e-04, 4.958965010603187e-01, 7.148444528926046e-06, 6.703435390897468e-04, 2.955780540566145e-03, 5.709853070910307e-03,-9.560768106147184e-04,-2.186625322128187e-04,-5.755509938136507e-04, 6.682274059331987e-04,-2.955101335157685e-03, 3.801960188567228e-03,-2.125692746381483e-07
 3.500000000000000e-01, 4.963987872678785e-01,-2.786441665590667e-06,-1.809536081168219e-03, 2.302538339796793e-03, 1.691608915374739e-01,-4.628101504592314e-01, 5.772791541092842e-03, 1.106743452164775e-03,-1.808115395688308e-03,-2.301069324295372e-03, 3.915475673989053e-03,-2.025542952250985e-07,-5.458018258689555e-03, 8.455626400684476e-04,-1.840981851337663e-04, 4.629383758415228e-04, 1.691544283339692e-01, 4.628041923278775e-01,-5.459292825721451e-03,-8.463891543836634e-04, 4.957672970578935e-01, 7.144751590866527e-06, 6.545420834850374e-04, 3.024871202879481e-03, 5.771541866400356e-03,-1.108503367004616e-03,-1.845200692957002e-04,-4.627921920602229e-04, 6.524333880986700e-04,-3.024171234927225e-03, 3.918500498984920e-03,-2.115856956434216e-07
 3.600000000000000e-01, 4.963111839511777e-01,-2.783460688160488e-06,-1.842337092214990e-03, 2.291980200039093e-03, 1.737435029818344e-01,-4.607935983348171e-01, 5.804588496089662e-03, 1.255692933905325e-03,-1.840901641231702e-03,-2.290525229052394e-03, 4.017625758722375e-03,-2.037951560352521e-07,-5.513447833837926e-03, 8.734749438593023e-04,-1.528139549545381e-04, 3.648769715718660e-04, 1.737369858332932e-01, 4.607877059420867e-01,-5.514720750053074e-03,-8.743022189667352e-04, 4.956508139838826e-01, 7.141431703126810e-06, 6.338322087934906e-04, 3.079039991326007e-03, 5.803304031216022e-03,-1.257426769090811e-03,-1.532373031683902e-04,-3.647271507417970e-04, 6.317309928478231e-04,-3.078319160381942e-03, 4.020436796442236e-03,-2.106824263695909e-07
 3.700000000000000e-01, 4.962378666167472e-01,-2.780761927029252e-06,-1.871889414990096e-03, 2.274526145261683e-03, 1.783095018936345e-01,-4.587678802694325e-01, 5.814557221259958e-03, 1.399822567387159e-03,-1.870439417960882e-03,-2.273085536483682e-03, 4.106930229345680e-03,-2.048725212106233e-07,-5.549980948250395e-03, 8.974782601675773e-04,-1.242099234677095e-04, 2.797108247986173e-04, 1.783029306386774e-01, 4.587620540287505e-01,-5.551252508834226e-03,-8.983063109463612e-04, 4.955457762361299e-01, 7.138441437640197e-06, 6.095368938138018e-04, 3.121328555404764e-03, 5.813238538816707e-03,-1.401529603497459e-03,-1.246340559401958e-04,-2.795572999427429e-04, 6.074433227982956e-04,-3.120586801396114e-03, 4.109487386045737e-03,-2.097579690446636e-07
 3.800000000000000e-01, 4.961766829418944e-01,-2.778361308894417e-06,-1.899060338199357e-03, 2.253114641679093e-03, 1.828583716570212e-01,-4.567282541154375e-01, 5.808746418922876e-03, 1.538878914383542e-03,-1.897596021122685e-03,-2.251688630813916e-03, 4.185178199171953e-03,-2.057117164547349e-07,-5.573566178877454e-03, 9.174339947167602e-04,-9.800461296508062e-05, 2.055978634376737e-04, 1.828517462812528e-01, 4.567224944758515e-01,-5.574836613039677e-03,-9.182628347297725e-04, 4.954507486462297e-01, 7.135729425587767e-06, 5.826817282289394e-04, 3.154393408590024e-03, 5.807394132201406e-03,-1.540558462210587e-03,-9.842893401784510e-05,-2.054406366675422e-04, 5.805960332855417e-04,-3.153630707176085e-03, 4.187450673628420e-03,-2.088347667555251e-07
 3.900000000000000e-01, 4.961256736525358e-01,-2.776238633948880e-06,-1.924502560115667e-03, 2.229611983291650e-03, 1.873895389827041e-01,-4.546702695584290e-01, 5.791507357848134e-03, 1.673138553643588e-03,-1.923024162455134e-03,-2.228200758375030e-03, 4.254042507210814e-03,-2.063417040146839e-07,-5.588455540693665e-03, 9.336516820978414e-04,-7.388831368108464e-05, 1.408401324190396e-04, 1.873828596075979e-01, 4.546645769917742e-01,-5.589725042183653e-03,-9.344813183994535e-04, 4.953643378134111e-01, 7.133249853435997e-06, 5.540299229296631e-04, 3.180398383589481e-03, 5.790122095352024e-03,-1.674789950374015e-03,-7.431238853633402e-05,-1.406791944094941e-04, 5.519523298252309e-04,-3.179614740354731e-03, 4.256006484497093e-03,-2.079199109563355e-07
 4.000000000000000e-01, 4.960831472216411e-01,-2.774364272754848e-06,-1.948691414224125e-03, 2.205155812871893e-03, 1.919024158645258e-01,-4.525900145206730e-01, 5.765888939551031e-03, 1.803096668914710e-03,-1.947199188470530e-03,-2.203759533621471e-03, 4.314995573398445e-03,-2.067920636587926e-07,-5.597606768292149e-03, 9.466222352502423e-04,-5.156260713726929e-05, 8.395794044035460e-05, 1.918956827218147e-01, 4.525843895100124e-01,-5.598875506884879e-03,-9.474526683698197e-04, 4.952852851502331e-01, 7.130962836388033e-06, 5.241333281230985e-04, 3.201034278948936e-03, 5.764471339015460e-03,-1.804719273545389e-03,-5.198612108344159e-05,-8.379327411550401e-05, 5.220640375575542e-04,-3.200229725235717e-03, 4.316632507323510e-03,-2.070291344451886e-07
 4.100000000000000e-01, 4.961880082038373e-01,-3.816384061196276e-06,-1.715439501197181e-03, 1.645116477366581e-03, 1.962495070383470e-01,-4.506169706503328e-01, 5.954404817063655e-03, 2.296938400718177e-03,-1.713992192468015e-03,-1.644269560395548e-03, 4.364629364210232e-03,-2.128182957335592e-07,-5.182442979134488e-03, 8.688316883911917e-04,-2.987164950090407e-05, 3.350088361492434e-05, 1.962440768276520e-01, 4.506145568529715e-01,-5.183224339350935e-03,-8.698866534588924e-04, 4.950721994376944e-01, 8.171911805097964e-06, 2.368542945802368e-04, 3.752877511335122e-03, 5.952459044394447e-03,-2.298313593180861e-03,-3.030129840639387e-05,-3.335281733635630e-05, 2.348607663766424e-04,-3.751521116845057e-03, 4.375241608159136e-03,-1.992136357113240e-07
 4.200000000000000e-01, 4.962203088581823e-01,-4.280458646400975e-06,-1.374098694857071e-03, 1.194982456679376e-03, 2.005439319973847e-01,-4.487533889525608e-01, 5.968599785278554e-03, 2.898332707116937e-03,-1.372868091466291e-03,-1.194665939850467e-03, 4.408911068240740e-03,-2.212968313827259e-07,-4.789153188289911e-03, 6.070590225675565e-04,-8.229601665928461e-06,-1.183149519675470e-05, 2.005400817792652e-01, 4.487546207560885e-01,-4.789420575568369e-03,-6.081731235198355e-04, 4.949429178505864e-01, 8.645481846578096e-06,-1.584177584577840e-04, 4.191760933833745e-03, 5.966244622462424e-03,-2.899306936828834e-03,-8.664085071825246e-06, 1.197319634113597e-05,-1.601618125485028e-04,-4.189889039967397e-03, 4.427953865233156e-03,-1.864225850109306e-07
 4.300000000000000e-01, 4.961389517421762e-01,-4.112084143449712e-06,-9.643137086804290e-04, 9.011693865546597e-04, 2.048155470556182e-01,-4.469306860740150e-01, 5.798891862214979e-03, 3.549450017835695e-03,-9.634509266380912e-04,-9.013054400266172e-04, 4.448899226988632e-03,-2.290644796612215e-07,-4.459096554230916e-03, 1.881668350320670e-04, 1.344547045400635e-05,-5.262179182627443e-05, 2.048133939289506e-01, 4.469356191892237e-01,-4.458876422498669e-03,-1.891656329634588e-04, 4.949368186329188e-01, 8.492134490972747e-06,-6.220150455207781e-04, 4.472153726140101e-03, 5.796289408317695e-03,-3.549914229499851e-03, 1.300673608947898e-05, 5.276577206855816e-05,-6.233571720321241e-04,-4.469855974885095e-03, 4.475429324022020e-03,-1.713672703866111e-07
 4.399999999999999e-01, 4.959370535454070e-01,-3.327830051823299e-06,-5.330403873468869e-04, 7.930240225523387e-04, 2.090997403639561e-01,-4.450747835996326e-01, 5.455246873130050e-03, 4.187824354726076e-03,-5.326607953029267e-04,-7.934879860918417e-04, 4.485538458657957e-03,-2.367102043252835e-07,-4.226308412151474e-03,-3.451972014821750e-04, 3.513831892010174e-05,-8.929095916165975e-05, 2.090992323808021e-01, 4.450831152303336e-01,-4.225673769184274e-03, 3.444787776335629e-04, 4.950593823742785e-01, 7.725153681942265e-06,-1.106954868727762e-03, 4.565293600014210e-03, 5.452588661851235e-03,-4.187730607081972e-03, 3.469998951193752e-05, 8.944491227939210e-05,-1.107785316967051e-03,-4.562703754704698e-03, 4.518125064342552e-03,-1.567148182432965e-07
 4.500000000000000e-01, 4.956368633770111e-01,-2.004580068978856e-06,-1.295123716155081e-04, 8.802059502173295e-04, 2.134282014330754e-01,-4.431277005366764e-01, 4.966466069082159e-03, 4.753101016559002e-03,-1.296796558047109e-04,-8.808396029488838e-04, 4.519656830271399e-03,-2.429289832313938e-07,-4.114464313506531e-03,-9.391941527085370e-04, 5.673653144561634e-05,-1.222305297139634e-04, 2.134291175346067e-01, 4.431388015414338e-01,-4.113528872972947e-03, 9.388926863411160e-04, 4.952872147574034e-01, 6.419400366740324e-06,-1.563988311798890e-03, 4.461907545654349e-03, 4.963950580301949e-03,-4.752461824670659e-03, 5.630302322055118e-05, 1.224007332390975e-04,-1.564248943561137e-03,-4.459187192154714e-03, 4.556359497137128e-03,-1.443995028907203e-07
 4.600000000000000e-01, 4.954796013077430e-01,-2.004741466610227e-06,-1.372478614482712e-04, 8.782688094301741e-04, 2.178345062414289e-01,-4.410336053234025e-01, 4.865621128330040e-03, 4.853717520254748e-03,-1.374204772688610e-04,-8.789002376324927e-04, 4.552159555977133e-03,-2.424586325595716e-07,-4.109692114880226e-03,-9.397629942438585e-04, 7.272477429034353e-05,-1.541971745445704e-04, 2.178355310135196e-01, 4.410446958612176e-01,-4.108757622830359e-03, 9.394606943740082e-04, 4.953781643104774e-01, 6.418762004099798e-06,-1.609589540563845e-03, 4.446693578656597e-03, 4.863120176419712e-03,-4.853027399042633e-03, 7.229415876828470e-05, 1.543721972093881e-04,-1.609822771013895e-03,-4.443971023149057e-03, 4.590169294575391e-03,-1.438106467833988e-07
 4.700000000000000e-01, 4.953320042864552e-01,-2.005081344541582e-06,-1.453327279583664e-04, 8.760869677661514e-04, 2.222201722387440e-01,-4.388272511453455e-01, 4.763179971927933e-03, 4.951776360531080e-03,-1.455105659026837e-04,-8.767160564145341e-04, 4.582224425419910e-03,-2.419477389927534e-07,-4.105310366022723e-03,-9.402878183775053e-04, 8.813657788561712e-05,-1.828706977548741e-04, 2.222213063816793e-01, 4.388383302168606e-01,-4.104376584612812e-03, 9.399847494276285e-04, 4.954647194622523e-01, 6.418318971364301e-06,-1.654665731172691e-03, 4.430941480689833e-03, 4.760694663263871e-03,-4.951035709116529e-03, 8.770901767439025e-05, 1.830504102981173e-04,-1.654871865114354e-03,-4.428216992585524e-03, 4.621146323698596e-03,-1.431668149298997e-07
 4.800000000000000e-01, 4.952003427326120e-01,-2.005487121578553e-06,-1.536603194237815e-04, 8.737639438400118e-04, 2.265840773525998e-01,-4.365283456772607e-01, 4.659235035491048e-03, 5.047401044388323e-03,-1.538433758501109e-04,-8.743906031280430e-04, 4.610135483629466e-03,-2.414296049776769e-07,-4.101361636951600e-03,-9.407391418963346e-04, 1.030379855434779e-04,-2.086243377515838e-04, 2.265853213326126e-01, 4.365394122834592e-01,-4.100428351991201e-03, 9.404353499448486e-04, 4.955399712545687e-01, 6.417965422320093e-06,-1.699316281210571e-03, 4.414653117311001e-03, 4.656766445755423e-03,-5.046610265762884e-03, 1.026135377091858e-04, 2.088086086851454e-04,-1.699495504672699e-03,-4.411926922608595e-03, 4.649645064229143e-03,-1.424923023187700e-07
 4.900000000000000e-01, 4.950866704751383e-01,-2.005871987009744e-06,-1.621571234929379e-04, 8.713614814673406e-04, 2.309253089340245e-01,-4.341550785523562e-01, 4.553852527785559e-03, 5.140674704671663e-03,-1.623454620401216e-04,-8.719856372824811e-04, 4.636122614109721e-03,-2.409185121386194e-07,-4.097864321341078e-03,-9.410981033808417e-04, 1.174828112366695e-04,-2.318287595017272e-04, 2.309266630005291e-01, 4.341661316832167e-01,-4.096931364500093e-03, 9.407936176741951e-04, 4.956013339012129e-01, 6.417618194518027e-06,-1.743608301713221e-03, 4.397834387280889e-03, 4.551401709331403e-03,-5.139834205998678e-03, 1.170614704913808e-04, 2.320174733084326e-04,-1.743760722961556e-03,-4.395106680164166e-03, 4.675967588069851e-03,-1.418092612107211e-07
 5.000000000000000e-01, 4.949905351000869e-01,-2.006190178496792e-06,-1.707731420922669e-04, 8.689109673393389e-04, 2.352431294017973e-01,-4.317215565509499e-01, 4.447071613396232e-03, 5.231648155236836e-03,-1.709668699729935e-04,-8.695325436375832e-04, 4.660377713813180e-03,-2.404374607424195e-07,-4.094811080166893e-03,-9.413562748195104e-04, 1.315154855175393e-04,-2.528145000610837e-04, 2.352445936432976e-01, 4.317325951797437e-01,-4.093878324079647e-03, 9.410510967886385e-04, 4.956488132124041e-01, 6.417235856912007e-06,-1.787585926469959e-03, 4.380497168884044e-03, 4.444639584119951e-03,-5.230758349696160e-03, 1.310971967560415e-04, 2.530075579533219e-04,-1.787711604677865e-03,-4.377768144404259e-03, 4.700368606528824e-03,-1.411332166889254e-07
 5.100000000000000e-01, 4.949102502345588e-01,-2.006423597634976e-06,-1.794740813365941e-04, 8.664247050554890e-04, 2.395369314966456e-01,-4.292377495734570e-01, 4.338912260535247e-03, 5.320348068646783e-03,-1.796733087931386e-04,-8.670436443886922e-04, 4.683064550023069e-03,-2.399978593333255e-07,-4.092176144510099e-03,-9.415131444274422e-04, 1.451730682758779e-04,-2.718619771795943e-04, 2.395385058921567e-01, 4.292487726546817e-01,-4.091243493363474e-03, 9.412072796172246e-04, 4.956837176058160e-01, 6.416807208455000e-06,-1.831277942381941e-03, 4.362656765739803e-03, 4.336499999181219e-03,-5.319409381547033e-03, 1.447577445387931e-04, 2.720593049753647e-04,-1.831376912786209e-03,-4.359926652256104e-03, 4.723062300780484e-03,-1.404903292173687e-07
 5.200000000000000e-01, 4.948436828668202e-01,-2.006567734288978e-06,-1.882358526532277e-04, 8.639041641311457e-04, 2.438061984820027e-01,-4.267102575636593e-01, 4.229383632678380e-03, 5.406783840650268e-03,-1.884406642153498e-04,-8.645204546674525e-04, 4.704325041823293e-03,-2.396082074802245e-07,-4.089923288125568e-03,-9.415734020768164e-04, 1.584867344252495e-04,-2.892037134833411e-04, 2.438078829400218e-01, 4.267212640329721e-01,-4.088990704514588e-03, 9.412668908032664e-04, 4.957078576744948e-01, 6.416339395132198e-06,-1.874703169753858e-03, 4.344329367721567e-03, 4.226992071194913e-03,-5.405796709399164e-03, 1.580742731064696e-04, 2.894052755558306e-04,-1.874775446207550e-03,-4.341598418123423e-03, 4.744229171818572e-03,-1.399102871413663e-07
 5.300000000000000e-01, 4.947886870907835e-01,-2.006623068172286e-06,-1.970409345758042e-04, 8.613453466440432e-04, 2.480504734011917e-01,-4.241432053318619e-01, 4.118490611491987e-03, 5.490952873801358e-03,-1.972513934920978e-04,-8.619590180531026e-04, 4.724283487494083e-03,-2.392863691271646e-07,-4.088012054739348e-03,-9.415447226921879e-04, 1.714828854630326e-04,-3.050310304723036e-04, 2.480522677850455e-01, 4.241541941080467e-01,-4.087079547676503e-03, 9.412376328548454e-04, 4.957231021467898e-01, 6.415848202649677e-06,-1.917874003546137e-03, 4.325530332986151e-03, 4.116120619249421e-03,-5.489917749427334e-03, 1.710731690070932e-04, 3.052368236989936e-04,-1.917919571439541e-03,-4.322798833655818e-03, 4.764022096433204e-03,-1.394064429167778e-07
 5.400000000000000e-01, 4.947433133293112e-01,-2.006593478223739e-06,-2.058761016897992e-04, 8.587419926209872e-04, 2.522693370995872e-01,-4.215390152140035e-01, 4.006238108636432e-03, 5.572844463052307e-03,-2.060922361058024e-04,-8.593530981372347e-04, 4.743049552128070e-03,-2.390371885905001e-07,-4.086401898063539e-03,-9.414361781146511e-04, 1.841840145192308e-04,-3.195015709502515e-04, 2.522712412389636e-01, 4.215499852029593e-01,-4.085469503087085e-03, 9.411285986555728e-04, 4.957311605563812e-01, 6.415349649381563e-06,-1.960798643353721e-03, 4.306273337804456e-03, 4.003890516892043e-03,-5.571761820700401e-03, 1.837769246903027e-04, 3.197116113656420e-04,-1.960817470494195e-03,-4.303541593386856e-03, 4.782571441386818e-03,-1.389805991955980e-07
 5.500000000000000e-01, 4.947058869074684e-01,-2.006487788829003e-06,-2.147309775191984e-04, 8.560873777517580e-04, 2.564623933206552e-01,-4.188989969383325e-01, 3.892633623879003e-03, 5.652442571161403e-03,-2.149527837557316e-04,-8.566959626038196e-04, 4.760720518885950e-03,-2.388534665936828e-07,-4.085054616352461e-03,-9.412571886814980e-04, 1.966093909606116e-04,-3.327461550806986e-04, 2.564644070155311e-01, 4.189099470416195e-01,-4.084122362162802e-03, 9.409492186689490e-04, 4.957334982563186e-01, 6.414853637330686e-06,-2.003482495648745e-03, 4.286570102419697e-03, 3.890309258223854e-03,-5.651312911010721e-03, 1.962048228087094e-04, 3.329604584599799e-04,-2.003474538949428e-03,-4.283838407522974e-03, 4.799989241973504e-03,-1.386254738305025e-07
 5.600000000000001e-01, 4.946746353848154e-01,-2.006513244390273e-06, 1.283978624295698e-01, 8.137540547200739e-02, 2.475999809254711e-01,-3.959262604221936e-01, 3.848451978204655e-03, 5.730422773027263e-03, 1.284010195682181e-01,-8.137663693739078e-02, 5.221131124721105e-02, 1.216588398356144e-07,-4.152652795168165e-03,-1.450469013181667e-01, 1.527021663101097e-03, 2.970776830572591e-04, 2.476018129367055e-01, 3.959367284781451e-01,-4.155809892056023e-03, 1.450465960701765e-01, 4.482973418231691e-01, 6.054075519734692e-06,-2.027075562075715e-03, 4.026363655530078e-03, 3.846151175208406e-03,-5.729243839127768e-03, 1.525794619423486e-03,-2.968576142794208e-04,-2.027108481243128e-03,-4.023888267106807e-03, 4.816804778446390e-03,-1.370303416407554e-07
 5.700000000000001e-01, 4.946432187085325e-01,-2.006370951053438e-06, 2.428395860667893e-01, 1.563763016964893e-01, 2.136377472299421e-01,-3.347111661708655e-01, 3.927147914139104e-03, 5.822133944127866e-03, 2.428458046952667e-01,-1.563781024629166e-01, 1.752828963661557e-01, 1.614579295525220e-06,-4.345395933782140e-03,-2.337299356926167e-01, 2.749452276862393e-03, 8.951838725412419e-04, 2.136391978922540e-01, 3.347201326507138e-01,-4.351438017747192e-03, 2.337296282034824e-01, 3.252351331070847e-01, 4.559269825760159e-06,-1.813037440732399e-03, 3.425382800638470e-03, 3.924872880737373e-03,-5.820907011434618e-03, 2.747516957807386e-03,-8.949653213160353e-04,-1.813116812264028e-03,-3.423406685003773e-03, 4.838845176522276e-03,-1.353894095608692e-07
 5.800000000000001e-01, 4.945992274460984e-01,-2.005553586419129e-06, 3.321371409363290e-01, 2.180668268393243e-01, 1.571836713730602e-01,-2.417448222650953e-01, 4.090083866937218e-03, 5.938727110017035e-03, 3.321458016105358e-01,-2.180690759712211e-01, 3.269363393467994e-01, 3.670328598603945e-06,-4.625609294241939e-03,-2.331399965040109e-01, 3.776255144621496e-03, 1.397166557990028e-03, 1.571845583489001e-01, 2.417514209596651e-01,-4.632227906389633e-03, 2.331396865738498e-01, 1.735866173794701e-01, 2.502338763209905e-06,-1.394926217680056e-03, 2.505593157196797e-03, 4.087835231633519e-03,-5.937452484245848e-03, 3.773800010930115e-03,-1.396958917180598e-03,-1.395053911119477e-03,-2.504309470564950e-03, 4.877908052702279e-03,-1.348087120874725e-07
 5.900000000000001e-01, 4.945313486990474e-01,-2.003681263934576e-06, 3.879218538490654e-01, 2.597734113196712e-01, 8.324549028434232e-02,-1.265381482083503e-01, 4.297968486734693e-03, 6.078977211010087e-03, 3.879321015553542e-01,-2.597759278739745e-01, 4.492402422485254e-01, 5.501735369617400e-06,-4.954613521414977e-03,-1.435577848939470e-01, 4.503716979442756e-03, 1.759927513799500e-03, 8.324567088555847e-02, 1.265417477943043e-01,-4.959280926271126e-03, 1.435574723567160e-01, 5.128386759718642e-02, 6.686413474964875e-07,-8.192427877828274e-04, 1.308455943870629e-03, 4.295747286751775e-03,-6.077655642599615e-03, 4.500980640315372e-03,-1.759741968522995e-03,-8.194204672124302e-04,-1.307991701938819e-03, 4.944628654532207e-03,-1.336861413145894e-07
 6.000000000000000e-01, 4.944336113381489e-01,-1.999346700663762e-06, 4.052184015872394e-01, 2.766741100643957e-01,-1.222201388844876e-03,-6.525292204140663e-04, 4.521286989403561e-03, 6.234587776915586e-03, 4.052292275725733e-01,-2.766766713119946e-01, 4.955191399144278e-01, 6.411106893589036e-06,-5.302920071929332e-03, 7.429950425475670e-04, 4.829748802074197e-03, 1.952475756904230e-03,-1.222811304503647e-03, 6.527949251107318e-04,-5.303853813289058e-03,-7.433103635410194e-04, 5.002885007153435e-03,-2.424129542213981e-07,-1.414267497625537e-04,-8.445284932857725e-05, 4.519094470633773e-03,-6.233221563742002e-03, 4.826997589987967e-03,-1.952325745085221e-03,-1.416528820823424e-04, 8.405353524284771e-05, 5.044440881358539e-03,-1.327772381695680e-07
 6.100000000000000e-01, 4.943058553679394e-01,-1.996480117706645e-06, 3.828925945934294e-01, 2.663478119168029e-01,-8.799030736172503e-02, 1.234649703090284e-01, 4.742437315950747e-03, 6.395254159314924e-03, 3.829029387270976e-01,-2.663501730917830e-01, 4.481739979281547e-01, 6.052746520934793e-06,-5.652410517417744e-03, 1.446228844364874e-01, 4.680728422125892e-03, 1.955049824629019e-03,-8.799171127717903e-02,-1.234680440336961e-01,-5.649257498173563e-03,-1.446232043598008e-01, 5.234315932176498e-02, 1.140120148550999e-07, 5.727712364501333e-04,-1.548960905776529e-03, 4.740268896085034e-03,-6.393840355006245e-03, 4.678236592985347e-03,-1.954949881395148e-03, 5.725101580351130e-04, 1.547739606540970e-03, 5.177064789494911e-03,-1.390729494493443e-07
 6.200000000000000e-01, 4.941522473299463e-01,-1.994453740397639e-06, 3.237111702665996e-01, 2.290812493854022e-01,-1.683727703096197e-01, 2.337221838453710e-01, 4.953643276692427e-03, 6.551954299377754e-03, 3.237200341159556e-01,-2.290831539823736e-01, 3.253736431661476e-01, 4.560427760591512e-06,-5.994545341925755e-03, 2.331592649491905e-01, 4.033766441185291e-03, 1.764503314710982e-03,-1.683749012032663e-01,-2.337282795971814e-01,-5.988505268415628e-03,-2.331595882416597e-01, 1.751363424184810e-01, 1.605853472849694e-06, 1.249334144708743e-03,-2.932453228347575e-03, 4.951503869120818e-03,-6.550492881845058e-03, 4.031770124446389e-03,-1.764467505705382e-03, 1.249047571775872e-03, 2.930527924215033e-03, 5.337847212477052e-03,-1.444284470852007e-07
 6.300000000000000e-01, 4.939792588769278e-01,-1.991174286036790e-06, 2.340112382250058e-01, 1.679025413289523e-01,-2.341047923747676e-01, 3.195696088848781e-01, 5.153574859759563e-03, 6.698519001872412e-03, 2.340177681027795e-01,-1.679037592325208e-01, 1.740765033593453e-01, 2.504116447248073e-06,-6.327294199989782e-03, 2.326208739729547e-01, 2.927199949374432e-03, 1.399695147538051e-03,-2.341074940492367e-01,-3.195781177605447e-01,-6.320671248842613e-03,-2.326212006386757e-01, 3.264246311092458e-01, 3.659763734668864e-06, 1.813927303511741e-03,-4.077067917295923e-03, 5.151466514758507e-03,-6.697010866922285e-03, 2.925888654844731e-03,-1.399734081508040e-03, 1.813628841322498e-03, 4.074622043468056e-03, 5.519689097353098e-03,-1.465445977244691e-07
 6.400000000000000e-01, 4.937939346227018e-01,-1.987047296356237e-06, 1.230196141828770e-01, 8.833634216274006e-02,-2.781937540996997e-01, 3.730153301610306e-01, 5.344212582731354e-03, 6.831890188794893e-03, 1.230231880976041e-01,-8.833669921830245e-02, 5.206579698136710e-02, 6.686122448439080e-07,-6.652287807466436e-03, 1.433238387680858e-01, 1.458496621589209e-03, 9.022003958238311e-04,-2.781968000878766e-01,-3.730254083097866e-01,-6.647609652014039e-03,-1.433241665411457e-01, 4.484256018141142e-01, 5.491463708214017e-06, 2.203384653529779e-03,-4.843959781819743e-03, 5.342136789792234e-03,-6.830338803577731e-03, 1.457997128166340e-03,-9.023247320849236e-04, 2.203091632921957e-03, 4.841228445269583e-03, 5.714748841313279e-03,-1.464333036721530e-07
 6.500000000000000e-01, 4.936027087199423e-01,-1.982131689011457e-06, 1.897797108720010e-03,-2.098472523222642e-03,-2.956578777189539e-01, 3.893686490838742e-01, 5.528588901498085e-03, 6.951685237948329e-03, 1.898087529475711e-03, 2.099073903320675e-03, 5.872933239111623e-03,-2.458403152382459e-07,-6.972658728193857e-03,-5.299145398522726e-04,-2.277752431939460e-04, 3.310829492852877e-04,-2.956609884121864e-01,-3.893793057372375e-01,-6.971708723243044e-03, 5.295874601107236e-04, 4.946087606462954e-01, 6.401465664024331e-06, 2.376380580407352e-03,-5.133232318444817e-03, 5.526546153040367e-03,-6.950091307629093e-03,-2.274208934283904e-04,-3.312958324201077e-04, 2.376116342313440e-03, 5.130479628197079e-03, 5.915679331990713e-03,-1.412083059234518e-07
 6.600000000000000e-01, 4.934107674648430e-01,-1.979552249294081e-06,-1.173865523183448e-01,-9.460303005195903e-02,-2.840771139890893e-01, 3.676444957515843e-01, 5.709454999433882e-03, 7.059466181496804e-03,-1.173895394239294e-01, 9.460459422542294e-02, 5.302481134610504e-02, 1.034146313791395e-07,-7.291611495733631e-03,-1.439535166652549e-01,-1.958073151492977e-03,-2.466101542263595e-04,-2.840799792361424e-01,-3.676546982625503e-01,-7.294755636225767e-03, 1.439531781446089e-01, 4.474481581231982e-01, 6.037930653589318e-06, 2.319838026628495e-03,-4.896881338263773e-03, 5.707451995320342e-03,-7.057818287434827e-03,-1.956904028722231e-03, 2.463221173616371e-04, 2.319640734553817e-03, 4.894368399838481e-03, 6.116351720725170e-03,-1.229457905452432e-07
 6.700000000000000e-01, 4.932218779893636e-01,-1.978722732803861e-06,-2.232466824526784e-01,-1.799574964567526e-01,-2.438973488581641e-01, 3.105960814540861e-01, 5.888701980612976e-03, 7.157990098301065e-03,-2.232526365725226e-01, 1.799599284841511e-01, 1.753884625032784e-01, 1.586702368161497e-06,-7.611602461224647e-03,-2.321961524116987e-01,-3.550524790489906e-03,-7.666674648611222e-04,-2.438996656474628e-01,-3.106048464590417e-01,-7.617636209837950e-03, 2.321958031101882e-01, 3.250776065334096e-01, 4.538896083802757e-06, 2.049667866316287e-03,-4.144127913171813e-03, 5.886735094183786e-03,-7.156290915856823e-03,-3.548649421646006e-03, 7.663204231383291e-04, 2.049557535556285e-03, 4.142097581074694e-03, 6.312147947939177e-03,-1.082408153318341e-07
 6.800000000000000e-01, 4.930383915076672e-01,-1.976595103626855e-06,-3.056048791855308e-01,-2.494418464736791e-01,-1.784520071864912e-01, 2.243802956955202e-01, 6.067222119568214e-03, 7.250586400785006e-03,-3.056132040146515e-01, 2.494449568518639e-01, 3.261403196152288e-01, 3.634741237018568e-06,-7.933924998785161e-03,-2.316472970375317e-01,-4.835171753860758e-03,-1.177006073672090e-03,-1.784535102912621e-01,-2.243867846200102e-01,-7.940538599904484e-03, 2.316469418345309e-01, 1.743213406638973e-01, 2.478019094736411e-06, 1.606263547638479e-03,-2.939793227833574e-03, 6.065288371575644e-03,-7.248842501409985e-03,-4.832774615114978e-03, 1.176623287250066e-03, 1.606253165220107e-03, 2.938440596890040e-03, 6.500049567726258e-03,-9.760825482206179e-08
 6.900000000000001e-01, 4.928614553680492e-01,-1.972807539080135e-06,-3.568524365569244e-01,-2.957269469381735e-01,-9.369239972104740e-02, 1.178956389462283e-01, 6.245059148710035e-03, 7.340658682823922e-03,-3.568623074829797e-01, 2.957304657565294e-01, 4.476813972590320e-01, 5.459208935298943e-06,-8.258647666539137e-03,-1.426422406640856e-01,-5.671907296930942e-03,-1.443600576245047e-03,-9.369289172775336e-02,-1.178992415406811e-01,-8.263314692954306e-03, 1.426418818396326e-01, 5.277875867389301e-02, 6.421944607360591e-07, 1.046607551390544e-03,-1.396807433402200e-03, 6.243158120125302e-03,-7.338873651039178e-03,-5.669224997055014e-03, 1.443211852703016e-03, 1.046708267942883e-03, 1.396259518185260e-03, 6.678489178565049e-03,-8.934283791126388e-08
 7.000000000000001e-01, 4.926912618987650e-01,-1.966678941943412e-06,-3.725508199357171e-01,-3.136452121951203e-01, 2.352557239444399e-03, 1.863467364861878e-03, 6.421663908052071e-03, 7.431338497531962e-03,-3.725612692522184e-01, 3.136488119919791e-01, 4.936437427805353e-01, 6.359881779216536e-06,-8.584828349153070e-03, 7.103160151174701e-04,-5.964603173086764e-03,-1.552521765681630e-03, 2.353182906549033e-03,-1.863862304624758e-03,-8.585770566542365e-03,-7.106761708099512e-04, 6.817927323181500e-03,-2.717969817293484e-07, 4.350872792820256e-04, 3.357262891094809e-04, 6.419795076828639e-03,-7.429519383870768e-03,-5.961899104263495e-03, 1.552160125240983e-03, 4.353008106280352e-04,-3.354230437555236e-04, 6.847108079584531e-03,-7.955851523107696e-08
