 0.000000000000000e+00, 1.000000000000000e+00, 0.000000000000000e+00, 0.000000000000000e+00, 0.000000000000000e+00, 0.000000000000000e+00, 0.000000000000000e+00, 0.000000000000000e+00, 0.000000000000000e+00
 3.000000000000000e+00, 9.999039827636060e-01,-2.059532543955786e-06, 6.220916144547304e-08, 9.374589010496176e-03,-1.697426611684589e-08,-9.374632461949313e-03, 8.898232603136068e-05, 2.673685185871544e-06
 6.000000000000000e+00, 9.996403370102016e-01,-2.058313038860791e-06, 1.435524592456083e-07, 1.874587549214932e-02,-2.689900822012232e-08,-1.874592861858278e-02, 3.526281336267424e-04, 2.672362784772299e-06
 9.000000000000000e+00, 9.992010333938838e-01,-2.056759276924096e-06, 2.365479002560452e-07, 2.811055922541669e-02,-7.458860210448326e-09,-2.811062268952608e-02, 7.919318039247394e-04, 2.670733739440102e-06
 1.200000000000000e+01, 9.985862267181495e-01,-2.055077013125785e-06, 3.494505230771566e-07, 3.746534948249657e-02, 4.339168721027859e-08,-3.746542379879188e-02, 1.406738521722137e-03, 2.669017755795047e-06
 1.500000000000000e+01, 9.977961337562233e-01,-2.053120200592703e-06, 4.895464191395064e-07, 4.680695837642760e-02, 1.228641426533544e-07,-4.680704244182280e-02, 2.196831516457530e-03, 2.667061867763752e-06
 1.800000000000000e+01, 9.968310330290540e-01,-2.050710155213881e-06, 6.597037606626083e-07, 5.613210147699176e-02, 2.299377742281294e-07,-5.613219380561280e-02, 3.161932270304181e-03, 2.664675260462591e-06
 2.100000000000000e+01, 9.956912645646634e-01,-2.047709829046316e-06, 8.601821195445986e-07, 6.543749924763523e-02, 3.638541086605252e-07,-6.543759842261151e-02, 4.301700757623719e-03, 2.661711625582986e-06
 2.400000000000000e+01, 9.943772298192033e-01,-2.044027047215022e-06, 1.090386606260188e-06, 7.471987861880554e-02, 5.241263709410956e-07,-7.471998342912085e-02, 5.615735523436007e-03, 2.658072877711677e-06
 2.700000000000000e+01, 9.928893915267459e-01,-2.039603042935345e-06, 1.349796294053782e-06, 8.397597444921427e-02, 7.107048751185749e-07,-8.397608390406898e-02, 7.103573834540381e-03, 2.653696620182845e-06
 3.000000000000000e+01, 9.912282735327220e-01,-2.034401545380260e-06, 1.638352204956158e-06, 9.320253091762284e-02, 9.240657487722733e-07,-9.320264422052922e-02, 8.764691845974632e-03, 2.648544384653787e-06
 3.300000000000000e+01, 9.893944606064780e-01,-2.028400760002440e-06, 1.956557587896490e-06, 1.023963028742563e-01, 1.165203498596881e-06,-1.023964193879946e-01, 1.059850478866662e-02, 2.642593050484298e-06
 3.600000000000000e+01, 9.873885982334194e-01,-2.021588018020649e-06, 2.305423145870493e-06, 1.115540571562263e-01, 1.435546375156649e-06,-1.115541763698883e-01, 1.260436717751723e-02, 2.635829149828904e-06
 3.900000000000000e+01, 9.852113923859599e-01,-2.013956622402153e-06, 2.686319427058920e-06, 1.206725738566856e-01, 1.736810861428792e-06,-1.206726953587172e-01, 1.478157304013905e-02, 2.628245517071877e-06
 4.200000000000001e+01, 9.828636092740574e-01,-2.005503328237223e-06, 3.100781723390916e-06, 1.297486475373314e-01, 2.070812762675164e-06,-1.297487709931527e-01, 1.712935616666347e-02, 2.619838630700353e-06
 4.500000000000000e+01, 9.803460750750225e-01,-1.996228870755003e-06, 3.550272347449793e-06, 1.387790883671928e-01, 2.439254523448659e-06,-1.387792135056865e-01, 1.964689037973014e-02, 2.610609101657176e-06
 4.800000000000000e+01, 9.776596756416178e-01,-1.986134640754468e-06, 4.035976371955120e-06, 1.477607231973491e-01, 2.843511727569654e-06,-1.477608497953466e-01, 2.233328982671871e-02, 2.600558247645555e-06
 5.100000000000001e+01, 9.748053561900194e-01,-1.975223423537396e-06, 4.558589886825900e-06, 1.566903965544797e-01, 3.284440323439631e-06,-1.566905244272735e-01, 2.518760929156186e-02, 2.589688838696748e-06
 5.400000000000000e+01, 9.717841209666619e-01,-1.963498982628836e-06, 5.118163724353019e-06, 1.655649715736266e-01, 3.762226264523848e-06,-1.655651005674498e-01, 2.820884452767846e-02, 2.578004646429495e-06
 5.700000000000000e+01, 9.685970328952530e-01,-1.950965816736677e-06, 5.714007562903624e-06, 1.743813308814084e-01, 4.276294847357446e-06,-1.743814608675994e-01, 3.139593261147093e-02, 2.565510216032056e-06
 6.000000000000000e+01, 9.652452132024094e-01,-1.937629107937791e-06, 6.344666812319882e-06, 1.831363774492227e-01, 4.825291834904093e-06,-1.831365083197234e-01, 3.474775231625010e-02, 2.552210755265143e-06
 6.300000000000000e+01, 9.617298410236462e-01,-1.923494645676276e-06, 7.007977482816925e-06, 1.918270354395051e-01, 5.407141741600473e-06,-1.918271671034082e-01, 3.826312450651703e-02, 2.538112104447122e-06
 6.600000000000000e+01, 9.580521529887387e-01,-1.908568853016957e-06, 7.701196727606231e-06, 2.004502510685922e-01, 6.019181063545883e-06,-2.004503834495380e-01, 4.194081255245916e-02, 2.523220757055011e-06
 6.900000000000000e+01, 9.542134427871410e-01,-1.892858824725147e-06, 8.421199305849078e-06, 2.090029935086456e-01, 6.658356603508446e-06,-2.090031265427859e-01, 4.577952276454840e-02, 2.507543859503882e-06
 7.200000000000000e+01, 9.502150607135713e-01,-1.876372013845771e-06, 9.164723371414810e-06, 2.174822558472941e-01, 7.321471648563571e-06,-2.174823894813729e-01, 4.977790484807961e-02, 2.491088966569984e-06
 7.500000000000000e+01, 9.460584131936720e-01,-1.859115309773316e-06, 9.928643608303497e-06, 2.258850561179583e-01, 8.005456561709626e-06,-2.258851903065469e-01, 5.393455237739166e-02, 2.473863069604499e-06
 7.800000000000000e+01, 9.417449622904259e-01,-1.841093072460030e-06, 1.071024617384827e-05, 2.342084384068856e-01, 8.707638487421767e-06,-2.342085731077742e-01, 5.824800328964649e-02, 2.455870686478440e-06
 8.100000000000000e+01, 9.372762251901920e-01,-1.822306334350601e-06, 1.150747942445596e-05, 2.424494740344534e-01, 9.425992034518220e-06,-2.424496092038530e-01, 6.271674039854530e-02, 2.437112969615868e-06
 8.400000000000001e+01, 9.326537736683937e-01,-1.802755923115772e-06, 1.231915609395418e-05, 2.506052628005456e-01, 1.015935515859525e-05,-2.506053983926602e-01, 6.733919192862556e-02, 2.417590783136229e-06
 8.700000000000000e+01, 9.278792335359821e-01,-1.782446376011590e-06, 1.314508489841581e-05, 2.586729342765841e-01, 1.090757383622702e-05,-2.586730702476229e-01, 7.211373206907644e-02, 2.397308642078595e-06
 9.000000000000000e+01, 9.229542840673938e-01,-1.761385890911633e-06, 1.398611477600159e-05, 2.666496491207360e-01, 1.167154362728779e-05,-2.666497854322420e-01, 7.703868154559523e-02, 2.376274686634689e-06
 9.300000000000000e+01, 9.178806574100605e-01,-1.739584174548997e-06, 1.484408410448119e-05, 2.745326003886482e-01, 1.245315064939615e-05,-2.745327370081469e-01, 8.211230821069383e-02, 2.354498612845840e-06
 9.600000000000000e+01, 9.126601379751818e-01,-1.717051161464670e-06, 1.572167631877678e-05, 2.823190148103660e-01, 1.325512301148107e-05,-2.823191517106251e-01, 8.733282765300898e-02, 2.331990360793198e-06
 9.900000000000000e+01, 9.072945618099948e-01,-1.693796627459650e-06, 1.662219136818638e-05, 2.900061540052492e-01, 1.408080162204701e-05,-2.900062911632947e-01, 9.269840382538665e-02, 2.308759729979506e-06
 1.020000000000000e+02, 9.017858159510433e-01,-1.669830184300053e-06, 1.754925046364050e-05, 2.975913156101201e-01, 1.493384542217075e-05,-2.975914530063780e-01, 9.820714969122732e-02, 2.284816360968440e-06
 1.050000000000000e+02, 8.961358377600400e-01,-1.645161330140259e-06, 1.850645831166543e-05, 3.050718343025499e-01, 1.581789417551054e-05,-3.050719719201571e-01, 1.038571278888563e-01, 2.260169777243592e-06
 1.080000000000000e+02, 8.903466142417107e-01,-1.619799476714942e-06, 1.949705183705792e-05, 3.124450827083911e-01, 1.673621763623458e-05,-3.124452205326191e-01, 1.096463514135099e-01, 2.234829418445261e-06
 1.110000000000000e+02, 8.844201813445688e-01,-1.593753970418332e-06, 2.052356665732358e-05, 3.197084721921571e-01, 1.769138237096593e-05,-3.197086102099227e-01, 1.155727843166684e-01, 2.208804661457418e-06
 1.140000000000000e+02, 8.783586232445694e-01,-1.567034119917267e-06, 2.158755198254161e-05, 3.268594535381223e-01, 1.868496694907238e-05,-3.268595917375669e-01, 1.216343424224495e-01, 2.182104838747289e-06
 1.170000000000000e+02, 8.721640716117673e-01,-1.539649218233041e-06, 2.268936137216368e-05, 3.338955175389196e-01, 1.971735298267427e-05,-3.338956559090547e-01, 1.278288940607319e-01, 2.154739270381099e-06
 1.200000000000000e+02, 8.658387048609427e-01,-1.511608568133265e-06, 2.382804069510315e-05, 3.408141955164116e-01, 2.078761329171229e-05,-3.408143340468181e-01, 1.341542608167965e-01, 2.126717284012641e-06
 1.230000000000000e+02, 8.593847473856118e-01,-1.482921489463009e-06, 2.500132661885666e-05, 3.476130598047670e-01, 2.189351056426322e-05,-3.476131984853517e-01, 1.406082182971640e-01, 2.098048233414525e-06
 1.260000000000000e+02, 8.528044687760853e-01,-1.453597379814832e-06, 2.620575945615237e-05, 3.542897242290483e-01, 2.303161033464816e-05,-3.542898630498397e-01, 1.471884969113858e-01, 2.068741522050535e-06
 1.290000000000000e+02, 8.461001830223602e-01,-1.423645702015386e-06, 2.743690402325297e-05, 3.608418446128641e-01, 2.419750198419091e-05,-3.608419835638665e-01, 1.538927826696716e-01, 2.038806630039785e-06
 1.320000000000000e+02, 8.392742477004271e-01,-1.393076076640990e-06, 2.868966247408483e-05, 3.672671193448178e-01, 2.538611178236952e-05,-3.672672584159529e-01, 1.607187179958633e-01, 2.008253198181768e-06
 1.350000000000000e+02, 8.323290631444545e-01,-1.361898476628816e-06, 2.995865439286725e-05, 3.735632900293173e-01, 2.659208327789584e-05,-3.735634292105129e-01, 1.676639025559074e-01, 1.977091194296681e-06
 1.380000000000000e+02, 8.252670716029389e-01,-1.330123492203634e-06, 3.123863291902758e-05, 3.797281422374305e-01, 2.781019394180553e-05,-3.797282815189799e-01, 1.747258941012752e-01, 1.945331231012772e-06
 1.410000000000000e+02, 8.180907563806120e-01,-1.297762725400117e-06, 3.252490151980484e-05, 3.857595063652433e-01, 2.903577232682507e-05,-3.857596457384045e-01, 1.819022093273434e-01, 1.912984912477243e-06
 1.440000000000000e+02, 8.108026409656539e-01,-1.264827911999416e-06, 3.381369451129459e-05, 3.916552585954610e-01, 3.026507709673707e-05,-3.916553980524308e-01, 1.891903247459060e-01, 1.880064042134277e-06
 1.470000000000000e+02, 8.034052881443605e-01,-1.231325764810675e-06, 3.510248560354776e-05, 3.974133219487943e-01, 3.149559766730766e-05,-3.974134614786231e-01, 1.965876775708061e-01, 1.846575430150013e-06
 1.500000000000000e+02, 7.959012991022644e-01,-1.197250534990870e-06, 3.639019620976980e-05, 4.030316674004139e-01, 3.272625330617718e-05,-4.030318069794822e-01, 2.040916666168262e-01, 1.812513437302696e-06
 1.530000000000000e+02, 7.882933125071235e-01,-1.162590976095180e-06, 3.767729082442836e-05, 4.085083150273745e-01, 3.395750173185392e-05,-4.085084546156118e-01, 2.116996532165185e-01, 1.777866798798460e-06
 1.560000000000000e+02, 7.805840035769304e-01,-1.127343590870297e-06, 3.896574525985081e-05, 4.138413351511669e-01, 3.519132648945924e-05,-4.138414746984098e-01, 2.194089621521970e-01, 1.742631912757121e-06
 1.590000000000000e+02, 7.727760831391025e-01,-1.091510184470520e-06, 4.025887888312901e-05, 4.190288494402153e-01, 3.643106370753595e-05,-4.190289888903289e-01, 2.272168825966027e-01, 1.706810494304493e-06
 1.620000000000000e+02, 7.648722966779370e-01,-1.055089499823185e-06, 4.156106957364639e-05, 4.240690319342189e-01, 3.768110519684033e-05,-4.240691712230572e-01, 2.351206690658159e-01, 1.670401229097012e-06
 1.650000000000000e+02, 7.568754233673187e-01,-1.018069858331471e-06, 4.287737838819196e-05, 4.289601099564103e-01, 3.894651509353117e-05,-4.289602490047266e-01, 2.431175423864325e-01, 1.633392403781684e-06
 1.680000000000000e+02, 7.487882750902961e-01,-9.804201359230216e-07, 4.421311447739460e-05, 4.337003648894302e-01, 4.023258697683741e-05,-4.337005035896849e-01, 2.512046906765055e-01, 1.595752892846404e-06
 1.710000000000000e+02, 7.406136954480513e-01,-9.420865232341597e-07, 4.557336078929355e-05, 4.382881327941897e-01, 4.154437057824416e-05,-4.382882709955271e-01, 2.593792703362084e-01, 1.557428933561227e-06
 1.740000000000000e+02, 7.323545587576982e-01,-9.029871473457089e-07, 4.696251434438512e-05, 4.427218048721772e-01, 4.288621146343141e-05,-4.427219423623485e-01, 2.676384070503087e-01, 1.518338736320052e-06
 1.770000000000000e+02, 7.240137690353671e-01,-8.629928827490552e-07, 4.838389923158588e-05, 4.469998277847232e-01, 4.426135102477616e-05,-4.469999642593362e-01, 2.759791968057681e-01, 1.478353372119641e-06
 1.800000000000000e+02, 7.155942589705427e-01,-8.219153246761450e-07, 4.983945304575762e-05, 4.511207038374412e-01, 4.567161161079736e-05,-4.511208388616256e-01, 2.843987069171855e-01, 1.437284747376351e-06
 1.830000000000000e+02, 7.070989888847949e-01,-7.794739365962085e-07, 5.132956169974797e-05, 4.550829910721469e-01, 4.711721396925971e-05,-4.550831240215086e-01, 2.928939770688781e-01, 1.394852900690397e-06
 1.860000000000000e+02, 6.985309456752762e-01,-7.352457793337745e-07, 5.285305350887621e-05, 4.588853033008845e-01, 4.859674698826019e-05,-4.588854332703395e-01, 3.014620203725206e-01, 1.350635863860822e-06
 1.890000000000000e+02, 6.898931417418122e-01,-6.885934231388395e-07, 5.440736464491459e-05, 4.625263101235954e-01, 5.010730332252365e-05,-4.625264357906724e-01, 3.100998244414274e-01, 1.303997832132666e-06
 1.920000000000000e+02, 6.811886138972315e-01,-6.385686363764288e-07, 5.598887221845682e-05, 4.660047369716777e-01, 5.164478139040921e-05,-4.660048563996704e-01, 3.188043524823741e-01, 1.253993261374771e-06
 1.950000000000000e+02, 6.724204222535530e-01,-5.837688032910666e-07, 5.759340797761073e-05, 4.693193652246219e-01, 5.320435581366563e-05,-4.693194755765306e-01, 3.275725444116283e-01, 1.199223794672501e-06
 1.980000000000000e+02, 6.635916491019100e-01,-5.221983326793288e-07, 5.921684140730586e-05, 4.724690324084777e-01, 5.478105480340753e-05,-4.724691295786557e-01, 3.364013179779768e-01, 1.137700204801560e-06
 2.010000000000000e+02, 6.547053977589176e-01,-4.510495356135372e-07, 6.085581337918245e-05, 4.754526325389650e-01, 5.637046686136605e-05,-4.754527106488425e-01, 3.452875699210566e-01, 1.066623604281594e-06
 2.040000000000000e+02, 6.457647912953701e-01,-3.661289868916271e-07, 6.250894421775508e-05, 4.782691167284167e-01, 5.796975551791215e-05,-4.782691672603906e-01, 3.542281772569882e-01, 9.818154222817459e-07
 2.070000000000000e+02, 6.367729704062353e-01,-2.587176805126955e-07, 6.418143424172248e-05, 4.809174949546055e-01, 5.958074232763169e-05,-4.809175038467227e-01, 3.632199994655776e-01, 8.746082810561708e-07
 2.100000000000000e+02, 6.277330839687020e-01,-8.960682417230942e-08, 6.591848423446340e-05, 4.833968472124590e-01, 6.123032320979765e-05,-4.833967745016999e-01, 3.722598883711010e-01, 7.059914635407262e-07
 2.130000000000000e+02, 6.186483288968575e-01, 8.404471967157268e-08, 6.763934132439150e-05, 4.857062722284179e-01, 6.287328873160622e-05,-4.857061164497634e-01, 3.813446460393354e-01, 5.327949743668562e-07
 2.160000000000000e+02, 6.095218844283197e-01, 3.090072248296977e-07, 6.940112784324738e-05, 4.878449708723709e-01, 6.454585339674987e-05,-4.878446992091039e-01, 3.904710940666140e-01, 3.085699230952752e-07
 2.190000000000000e+02, 6.003569683698362e-01, 5.566205205950509e-07, 7.116648839354870e-05, 4.898121734550557e-01, 6.622846632403019e-05,-4.898117725839777e-01, 3.996360140348955e-01, 6.174955394290429e-08
 2.220000000000000e+02, 5.911567950899050e-01, 8.511968535652493e-07, 7.296623004964446e-05, 4.916071925509774e-01, 6.794519036188708e-05,-4.916066326578312e-01, 4.088361921439421e-01,-2.319054142473139e-07
 2.250000000000000e+02, 5.819246025809882e-01, 1.180613722595826e-06, 7.478729152269727e-05, 4.932293884732240e-01, 6.969243709390044e-05,-4.932286469531340e-01, 4.180683901511176e-01,-5.601779253734440e-07
 2.280000000000000e+02, 5.726636466777384e-01, 1.512791512900837e-06, 7.659615028978650e-05, 4.946781763083037e-01, 7.144999706347207e-05,-4.946772515434278e-01, 4.273293515355912e-01,-8.911731903001480e-07
 2.310000000000000e+02, 5.633771714425762e-01, 1.890925015899086e-06, 7.844806585764683e-05, 4.959530597696974e-01, 7.326195384257653e-05,-4.959519249489766e-01, 4.366158332536647e-01,-1.267944406460246e-06
 2.340000000000000e+02, 5.540684513390958e-01, 2.285695426483238e-06, 8.031366601266044e-05, 4.970535808619897e-01, 7.511074244545823e-05,-4.970522286606978e-01, 4.459245602490368e-01,-1.661310015485035e-06
 2.370000000000000e+02, 5.447407266373009e-01, 2.796028272418238e-06, 8.230620794110071e-05, 4.979793909610549e-01, 7.709299447123981e-05,-4.979777469864374e-01, 4.552522940377341e-01,-2.169687528719614e-06
 2.400000000000000e+02, 5.353972650373411e-01, 3.458849995633693e-06, 8.446338139277342e-05, 4.987301797915071e-01, 7.925389901513558e-05,-4.987281454284728e-01, 4.645957676300797e-01,-2.829829245563411e-06
 2.430000000000000e+02, 5.260413613461185e-01, 4.244537993103344e-06, 8.674868577277276e-05, 4.993056768488715e-01, 8.157721975727987e-05,-4.993031733258725e-01, 4.739516858485986e-01,-3.612286478048623e-06
 2.460000000000000e+02, 5.166763178184648e-01, 5.112007354758559e-06, 8.911411900510989e-05, 4.997056716782787e-01, 8.403186055417006e-05,-4.997026461309152e-01, 4.833167454429514e-01,-4.475648440487059e-06
 2.490000000000000e+02, 5.073053960418589e-01, 6.157498014487150e-06, 9.165436247865007e-05, 4.999300603034647e-01, 8.671772586572507e-05,-4.999263968099399e-01, 4.926876865767463e-01,-5.516384468045975e-06
 2.520000000000000e+02, 5.000413412007401e-01, 7.029877181317128e-06, 9.404610470151803e-05, 4.999829256820816e-01, 8.927405175426901e-05,-4.999787256399373e-01, 4.999517588934589e-01,-6.384482299175296e-06
 2.550000000000000e+02, 5.000423659560015e-01, 8.504417559818880e-06, 9.718329617544536e-05, 4.999825845629386e-01, 9.239970794646830e-05,-4.999774068754529e-01, 4.999507652030510e-01,-7.851050099384896e-06
 2.580000000000000e+02, 5.000433346342756e-01, 1.015224823892224e-05, 1.005081108665922e-04, 4.999823181054800e-01, 9.571126896617274e-05,-4.999760463961865e-01, 4.999498310766884e-01,-9.490325868693948e-06
 2.610000000000000e+02, 5.000442749142471e-01, 1.189013477184859e-05, 1.039310280941304e-04, 4.999821016972300e-01, 9.911987046742488e-05,-4.999746766692817e-01, 4.999489279380908e-01,-1.121902034405828e-05
 2.640000000000000e+02, 5.000451797761662e-01, 1.373855315449911e-05, 1.074659249674309e-04, 4.999819434990880e-01, 1.026395407699908e-04,-4.999732918595058e-01, 4.999480627043433e-01,-1.305754286279506e-05
 2.670000000000000e+02, 5.000460521614317e-01, 1.568914976350859e-05, 1.110979871498476e-04, 4.999818399885496e-01, 1.062552877003331e-04,-4.999718943300517e-01, 4.999472324167797e-01,-1.499765555298081e-05
 2.700000000000000e+02, 5.000469010030378e-01, 1.771178287774585e-05, 1.147908805036220e-04, 4.999817801671835e-01, 1.099309661670288e-04,-4.999704912770931e-01, 4.999464277966313e-01,-1.700939121245600e-05
 2.730000000000000e+02, 5.000477347928979e-01, 1.978318720609339e-05, 1.185158912145309e-04, 4.999817515309183e-01, 1.136381709159166e-04,-4.999690878017181e-01, 4.999456397713064e-01,-1.906942549449019e-05
 2.760000000000000e+02, 5.000485359230141e-01, 2.195500925329293e-05, 1.223208408323319e-04, 4.999817661291835e-01, 1.174244426366910e-04,-4.999676602260462e-01, 4.999448864162053e-01,-2.122936715179712e-05
 2.790000000000000e+02, 5.000493057230285e-01, 2.422559228006085e-05, 1.262018753784826e-04, 4.999818162690444e-01, 1.212855462652262e-04,-4.999662024519299e-01, 4.999441675106249e-01,-2.348737071307415e-05
 2.820000000000000e+02, 5.000500432623408e-01, 2.659746693992844e-05, 1.301609690371504e-04, 4.999818963181428e-01, 1.252235760977705e-04,-4.999647071407575e-01, 4.999434838149399e-01,-2.584590510388704e-05
 2.850000000000000e+02, 5.000488878431721e-01, 2.889294000547732e-05, 1.348958450994165e-04, 4.999823965956247e-01, 1.299392096619522e-04,-4.999627822113078e-01, 4.999446916820125e-01,-2.812607021020745e-05
 2.880000000000000e+02, 5.000470357383474e-01, 3.114340288464701e-05, 1.398454964309744e-04, 4.999830600268181e-01, 1.348692402870432e-04,-4.999606686314785e-01, 4.999465974159055e-01,-3.036044504222218e-05
 2.910000000000000e+02, 5.000450335307550e-01, 3.354004376639756e-05, 1.449175848374999e-04, 4.999838026536131e-01, 1.399203127324172e-04,-4.999584333397886e-01, 4.999486568795299e-01,-3.273992494851664e-05
 2.940000000000000e+02, 5.000429729412359e-01, 3.579808051005944e-05, 1.498316827401531e-04, 4.999845314810134e-01, 1.448151253137801e-04,-4.999561735601302e-01, 4.999507708669340e-01,-3.498180803049213e-05
 2.970000000000000e+02, 5.000408432371402e-01, 3.794620123162820e-05, 1.546221957122009e-04, 4.999852547958061e-01, 1.495866523374109e-04,-4.999538721826343e-01, 4.999529539750070e-01,-3.711393786602428e-05
 3.000000000000000e+02, 5.000385353233131e-01, 4.030737887058996e-05, 1.596181195540521e-04, 4.999860813086190e-01, 1.545612610765003e-04,-4.999514131575323e-01, 4.999553212388680e-01,-3.945740233946272e-05
 3.030000000000000e+02, 5.000362001357174e-01, 4.240846407972664e-05, 1.643513241537630e-04, 4.999868649414211e-01, 1.592739801796619e-04,-4.999489581334914e-01, 4.999577140274201e-01,-4.154131735297738e-05
 3.060000000000000e+02, 5.000336674643034e-01, 4.475729239233336e-05, 1.693342706769106e-04, 4.999877783041728e-01, 1.642341196073109e-04,-4.999463303550502e-01, 4.999603111626500e-01,-4.387074277664734e-05
 3.090000000000000e+02, 5.000308761369016e-01, 4.751889775164639e-05, 1.747349073196418e-04, 4.999888858675630e-01, 1.696094519756441e-04,-4.999434728425060e-01, 4.999631739689649e-01,-4.661046234200587e-05
 3.120000000000000e+02, 5.000278962775291e-01, 5.048641564571864e-05, 1.803490846070866e-04, 4.999901257285268e-01, 1.751956512161331e-04,-4.999404639019593e-01, 4.999662305353365e-01,-4.955550749114005e-05
 3.150000000000000e+02, 5.000246944675087e-01, 5.375512984612288e-05, 1.862709523790304e-04, 4.999915365541666e-01, 1.810863620099416e-04,-4.999372737319707e-01, 4.999695179000783e-01,-5.279953046592288e-05
 3.180000000000000e+02, 5.000213181691887e-01, 5.717298702027606e-05, 1.923459343650392e-04, 4.999930785463254e-01, 1.871285340439285e-04,-4.999339598550552e-01, 4.999729846684817e-01,-5.619103720145835e-05
 3.210000000000000e+02, 5.000178121412168e-01, 6.060307360717925e-05, 1.984332727716920e-04, 4.999947136758037e-01, 1.931825297535454e-04,-4.999305764225991e-01, 4.999765828686050e-01,-5.959438110146320e-05
 3.240000000000000e+02, 5.000141050939831e-01, 6.424901746591016e-05, 2.047316778739804e-04, 4.999965183821508e-01, 1.994451290490504e-04,-4.999270510720025e-01, 4.999803881884312e-01,-6.321200144498551e-05
 3.270000000000000e+02, 5.000102585684959e-01, 6.792110438000796e-05, 2.110442753621783e-04, 4.999984344466472e-01, 2.057208572474874e-04,-4.999234523919056e-01, 4.999843362109870e-01,-6.685485723319451e-05
 3.300000000000000e+02, 5.000062356491481e-01, 7.172378807338906e-05, 2.174684041364515e-04, 5.000005013154868e-01, 2.121065214643243e-04,-4.999197423436123e-01, 4.999884652848348e-01,-7.062690830544407e-05
 3.330000000000001e+02, 5.000020814206942e-01, 7.551869708088153e-05, 2.238582579873952e-04, 5.000026754114879e-01, 2.184576480992676e-04,-4.999159700998040e-01, 4.999927264312002e-01,-7.439110873151988e-05
 3.360000000000001e+02, 4.999977185536387e-01, 7.952928158672563e-05, 2.304303900705266e-04, 5.000050308988128e-01, 2.249880572481910e-04,-4.999120470942437e-01, 4.999972041061810e-01,-7.836877563619516e-05
 3.390000000000001e+02, 4.999932329517749e-01, 8.349503517085206e-05, 2.369174011722800e-04, 5.000074800695080e-01, 2.314335112248074e-04,-4.999080651405329e-01, 5.000018042297196e-01,-8.230152315441657e-05
 3.420000000000001e+02, 4.999886167984914e-01, 8.744033144362689e-05, 2.433387888366700e-04, 5.000100256459218e-01, 2.378128207455142e-04,-4.999040092852487e-01, 5.000065357344393e-01,-8.621351686929938e-05
 3.450000000000001e+02, 4.999838140998373e-01, 9.152598487794705e-05, 2.498520041613821e-04, 5.000127165765771e-01, 2.442816336561466e-04,-4.998998119164673e-01, 5.000114594533692e-01,-9.026433285098202e-05
 3.480000000000000e+02, 4.999789208189901e-01, 9.546159042829343e-05, 2.561644468025336e-04, 5.000154527906130e-01, 2.505505005011796e-04,-4.998955712372836e-01, 5.000164716630315e-01,-9.416554604707205e-05
 3.510000000000000e+02, 4.999738381581923e-01, 9.954377977923735e-05, 2.625732402475077e-04, 5.000183253912450e-01, 2.569135027445241e-04,-4.998911711538556e-01, 5.000216794159980e-01,-9.821132105279245e-05
 3.540000000000000e+02, 4.999686644427734e-01, 1.034819129372441e-04, 2.687897273075207e-04, 5.000212325052331e-01, 2.630845814417094e-04,-4.998867117621494e-01, 5.000269772082093e-01,-1.021133529334882e-04
 3.570000000000000e+02, 4.999633152841141e-01, 1.075391910294463e-04, 2.750807165101118e-04, 5.000242523633942e-01, 2.693280744538263e-04,-4.998820942587769e-01, 5.000324570671557e-01,-1.061326514674011e-04
 3.600000000000000e+02, 4.999578429829937e-01, 1.115603787403643e-04, 2.812954026500925e-04, 5.000273305210057e-01, 2.754952720777280e-04,-4.998773737203625e-01, 5.000380612368072e-01,-1.101154141206541e-04
 3.630000000000000e+02, 4.999523421301648e-01, 1.152642742623551e-04, 2.871581076197890e-04, 5.000303733042337e-01, 2.813131807559799e-04,-4.998726519181982e-01, 5.000436869358160e-01,-1.137828300886982e-04
 3.660000000000000e+02, 4.999467720719859e-01, 1.187356198707149e-04, 2.927595198782670e-04, 5.000334196265689e-01, 2.868692092525070e-04,-4.998678783727925e-01, 5.000493832007843e-01,-1.172171049472647e-04
 3.690000000000000e+02, 4.999413952330723e-01, 1.212269336667995e-04, 2.973570632156155e-04, 5.000362155371715e-01, 2.914285583603827e-04,-4.998633396224004e-01, 5.000548683244139e-01,-1.196764503496530e-04
 3.720000000000000e+02, 4.999359734107852e-01, 1.234394523238946e-04, 3.016575260029487e-04, 5.000389999302534e-01, 2.956918061439957e-04,-4.998587809398959e-01, 5.000603959120641e-01,-1.218573092061838e-04
 3.750000000000000e+02, 4.999301920357411e-01, 1.263172934017289e-04, 3.066090657069553e-04, 5.000420865354956e-01, 3.006009693318023e-04,-4.998538720823132e-01, 5.000662965968686e-01,-1.246991856996486e-04
 3.780000000000000e+02, 4.999241242125787e-01, 1.296511064121399e-04, 3.120053611141295e-04, 5.000454105311491e-01, 3.059489995972574e-04,-4.998486928674679e-01, 5.000724966256052e-01,-1.279937266325837e-04
 3.810000000000000e+02, 4.999179530074864e-01, 1.329154733050941e-04, 3.173202768857121e-04, 5.000487987395680e-01, 3.112148118339920e-04,-4.998434462153109e-01, 5.000788019275758e-01,-1.312186091064241e-04
 3.840000000000000e+02, 4.999116832498073e-01, 1.360974926737315e-04, 3.225385883056298e-04, 5.000522526426378e-01, 3.163834993714949e-04,-4.998381428148235e-01, 5.000852081837116e-01,-1.343601117145300e-04
 3.870000000000000e+02, 4.999053007328301e-01, 1.392391111652631e-04, 3.276992942491653e-04, 5.000557926017046e-01, 3.214928657462388e-04,-4.998327719851580e-01, 5.000917309139403e-01,-1.374598594964060e-04
 3.900000000000000e+02, 4.998988851416019e-01, 1.421328574617391e-04, 3.325898571414615e-04, 5.000593472493170e-01, 3.263334549246867e-04,-4.998274263427924e-01, 5.000982833799572e-01,-1.403128936509062e-04
 3.930000000000000e+02, 4.998924109989262e-01, 1.448585077351004e-04, 3.372835450062302e-04, 5.000629454107607e-01, 3.309776613530763e-04,-4.998220803759247e-01, 5.001048938740672e-01,-1.429976771867025e-04
 3.960000000000000e+02, 4.998859167883061e-01, 1.473137323322026e-04, 3.416711832221025e-04, 5.000665521757470e-01, 3.353169911446005e-04,-4.998167760565873e-01, 5.001115216271506e-01,-1.454126402853652e-04
 3.990000000000000e+02, 4.998793906406985e-01, 1.495459916909263e-04, 3.457931711105550e-04, 5.000701799633063e-01, 3.393912046143285e-04,-4.998114996939725e-01, 5.001181796027078e-01,-1.476050678127445e-04
 4.020000000000000e+02, 4.998728635723916e-01, 1.514870154394304e-04, 3.495740474225863e-04, 5.000737976575360e-01, 3.431259083702604e-04,-4.998062826205313e-01, 5.001248346634120e-01,-1.495073646739184e-04
 4.050000000000000e+02, 4.998662630061499e-01, 1.533570560092432e-04, 3.532279659834513e-04, 5.000774739162019e-01, 3.467329910552370e-04,-4.998010407279819e-01, 5.001315649113915e-01,-1.513378085089933e-04
 4.080000000000001e+02, 4.998596385895758e-01, 1.550144586411656e-04, 3.566082620226121e-04, 5.000811558521795e-01, 3.500669325615361e-04,-4.997958222113010e-01, 5.001383171609481e-01,-1.529560186838365e-04
 4.110000000000001e+02, 4.998530129146083e-01, 1.564098898230739e-04, 3.596619259512896e-04, 5.000848161683226e-01, 3.530757658158313e-04,-4.997906464466216e-01, 5.001450663971159e-01,-1.543135383058666e-04
 4.140000000000001e+02, 4.998464194207052e-01, 1.574763827443283e-04, 3.623199890803185e-04, 5.000884161415071e-01, 3.556916020360309e-04,-4.997855422556362e-01, 5.001517771932218e-01,-1.553440574959302e-04
 4.170000000000001e+02, 4.998398050758510e-01, 1.583832760217077e-04, 3.647520575877825e-04, 5.000920019244440e-01, 3.580821551581108e-04,-4.997804427037835e-01, 5.001585074460817e-01,-1.562152273254994e-04
 4.200000000000001e+02, 4.998331284118685e-01, 1.592484576484120e-04, 3.670782287833439e-04, 5.000956084028163e-01, 3.603655912541963e-04,-4.997752939868554e-01, 5.001653030998162e-01,-1.570436685287179e-04
 4.230000000000000e+02, 4.998263955931553e-01, 1.600585633575175e-04, 3.692888634550836e-04, 5.000992261137359e-01, 3.625327962151985e-04,-4.997700972407076e-01, 5.001721567897144e-01,-1.578165193352524e-04
 4.260000000000000e+02, 4.998196108486939e-01, 1.608096415390159e-04, 3.713848090924123e-04, 5.001028476532976e-01, 3.645846448716065e-04,-4.997648526924260e-01, 5.001790638894654e-01,-1.585297416783787e-04
 4.290000000000000e+02, 4.998128905157290e-01, 1.611936637797512e-04, 3.730635098678221e-04, 5.001063574765459e-01, 3.662220057368819e-04,-4.997596842942290e-01, 5.001858997200046e-01,-1.588781117748395e-04
 4.320000000000000e+02, 4.998062370623370e-01, 1.611732985598361e-04, 3.742936691389302e-04, 5.001097528840648e-01, 3.674127923789981e-04,-4.997545930367348e-01, 5.001926626836206e-01,-1.588238002780627e-04
 4.350000000000000e+02, 4.997997138534851e-01, 1.605945162562035e-04, 3.749270381245880e-04, 5.001129749798374e-01, 3.680112944462802e-04,-4.997496488492264e-01, 5.001992841345781e-01,-1.582145023360956e-04
 4.380000000000000e+02, 4.997930805235041e-01, 1.602155828964584e-04, 3.757279476175607e-04, 5.001162651668267e-01, 3.687766109520454e-04,-4.997445957381459e-01, 5.002060176711136e-01,-1.578043715676670e-04
 4.410000000000000e+02, 4.997863544623456e-01, 1.599498763393098e-04, 3.766137438801604e-04, 5.001196097375400e-01, 3.696244469387653e-04,-4.997394500541970e-01, 5.002128507184489e-01,-1.575052473843365e-04
 4.440000000000000e+02, 4.997796492587076e-01, 1.594828385585258e-04, 3.772723644657823e-04, 5.001229041404065e-01, 3.702459924911460e-04,-4.997343427822709e-01, 5.002196603012328e-01,-1.570054774003591e-04
 4.470000000000000e+02, 4.997729303774079e-01, 1.589281163157934e-04, 3.778190858598248e-04, 5.001261902197426e-01, 3.707548510916817e-04,-4.997292397990196e-01, 5.002264842688355e-01,-1.564180518362268e-04
 4.500000000000000e+02, 4.997661897637329e-01, 1.583200233264535e-04, 3.782867824102733e-04, 5.001294820351212e-01, 3.711838569296570e-04,-4.997241388384885e-01, 5.002333318449961e-01,-1.557768202440812e-04
 4.530000000000000e+02, 4.997594377421190e-01, 1.576365371343834e-04, 3.786505399119354e-04, 5.001327763650506e-01, 3.715083286242536e-04,-4.997190554758988e-01, 5.002401922751483e-01,-1.550595354950090e-04
 4.560000000000000e+02, 4.997527487569366e-01, 1.566860155938105e-04, 3.787144240063676e-04, 5.001360069006858e-01, 3.715345263826557e-04,-4.997140764478443e-01, 5.002469847810533e-01,-1.540766696360754e-04
 4.590000000000000e+02, 4.997460826325522e-01, 1.555988277826257e-04, 3.786033607178641e-04, 5.001392181904644e-01, 3.713862341812593e-04,-4.997091605901071e-01, 5.002537527002058e-01,-1.529577393121937e-04
 4.620000000000000e+02, 4.997394428044699e-01, 1.543686245328864e-04, 3.783043133708770e-04, 5.001424098070695e-01, 3.710502616713644e-04,-4.997043112177543e-01, 5.002604937175194e-01,-1.516958820468223e-04
 4.650000000000000e+02, 4.997328308694222e-01, 1.530059068668611e-04, 3.778208030281148e-04, 5.001455815586832e-01, 3.705304283088378e-04,-4.996995304458183e-01, 5.002672053976899e-01,-1.503017581342188e-04
 4.680000000000000e+02, 4.997262718096890e-01, 1.514510026063464e-04, 3.770865749619597e-04, 5.001487087552784e-01, 3.697610072978371e-04,-4.996948431696001e-01, 5.002738608889508e-01,-1.487164678090590e-04
 4.710000000000000e+02, 4.997197603533749e-01, 1.497293557398898e-04, 3.761208998106793e-04, 5.001517945317612e-01, 3.687612838657452e-04,-4.996902394227563e-01, 5.002804660109833e-01,-1.469653026839299e-04
 4.740000000000000e+02, 4.997133306582925e-01, 1.477664249478326e-04, 3.748441429213376e-04, 5.001548018989865e-01, 3.674524832887729e-04,-4.996857510631779e-01, 5.002869840809528e-01,-1.449743288520005e-04
 4.770000000000000e+02, 4.997069396059282e-01, 1.456942036800851e-04, 3.733850012687608e-04, 5.001577677283591e-01, 3.659616961343218e-04,-4.996813223629640e-01, 5.002934625907978e-01,-1.428743484644609e-04
 4.800000000000000e+02, 4.997005526257072e-01, 1.436169611096332e-04, 3.718460085107725e-04, 5.001607200402869e-01, 3.643902614890798e-04,-4.996769078837218e-01, 5.002999392627077e-01,-1.407686525600259e-04
 4.830000000000001e+02, 4.996941851900062e-01, 1.414948969022612e-04, 3.701875728074246e-04, 5.001636383203181e-01, 3.626987560019259e-04,-4.996725159656625e-01, 5.003063981027766e-01,-1.386175608869104e-04
 4.860000000000001e+02, 4.996878564454132e-01, 1.392758270084194e-04, 3.683594980477238e-04, 5.001664985935258e-01, 3.608374894861695e-04,-4.996681603785934e-01, 5.003128184972836e-01,-1.363693514543763e-04
 4.890000000000001e+02, 4.996815473876381e-01, 1.370257626326298e-04, 3.664315739549826e-04, 5.001693153085121e-01, 3.588758068840130e-04,-4.996638143162642e-01, 5.003192204211410e-01,-1.340897201557239e-04
 4.920000000000001e+02, 4.996752947139026e-01, 1.346462353624040e-04, 3.643103302422475e-04, 5.001720494949710e-01, 3.567213028406087e-04,-4.996595126185465e-01, 5.003255645031888e-01,-1.316810288424502e-04
 4.950000000000001e+02, 4.996691017633349e-01, 1.321417670571908e-04, 3.620061959874352e-04, 5.001746957888613e-01, 3.543843409020317e-04,-4.996552550690790e-01, 5.003318477769350e-01,-1.291477319241435e-04
 4.980000000000001e+02, 4.996630198340780e-01, 1.293815435571332e-04, 3.593945596000363e-04, 5.001772036758215e-01, 3.517421495360403e-04,-4.996510988610507e-01, 5.003380135717299e-01,-1.263607100980469e-04
 5.010000000000000e+02, 4.996570878998259e-01, 1.262368215236724e-04, 3.563532372751048e-04, 5.001795377251043e-01, 3.486730073062765e-04,-4.996470837858807e-01, 5.003440218537110e-01,-1.231915479100454e-04
 5.040000000000000e+02, 4.996511092663647e-01, 1.233347706422773e-04, 3.535155562637227e-04, 5.001818952467195e-01, 3.458055338668238e-04,-4.996429972902949e-01, 5.003500827337616e-01,-1.202630463330703e-04
 5.070000000000000e+02, 4.996451827207767e-01, 1.203715526250770e-04, 3.505824308012476e-04, 5.001841844085644e-01, 3.428424946064977e-04,-4.996389487760977e-01, 5.003560920981350e-01,-1.172731185780513e-04
 5.100000000000000e+02, 4.996393205539033e-01, 1.173163230403831e-04, 3.475263236135052e-04, 5.001863994365268e-01, 3.397568510368908e-04,-4.996349576452515e-01, 5.003620361127444e-01,-1.141914372740290e-04
 5.130000000000000e+02, 4.996335223481561e-01, 1.141772636554518e-04, 3.443572994262615e-04, 5.001885483054733e-01, 3.365585217577662e-04,-4.996310285067670e-01, 5.003679152373168e-01,-1.110263399971115e-04
 5.160000000000000e+02, 4.996277923099867e-01, 1.109476223431244e-04, 3.410683355000294e-04, 5.001906335132171e-01, 3.332401280009501e-04,-4.996271714784019e-01, 5.003737258878421e-01,-1.077709464261874e-04
 5.190000000000000e+02, 4.996221236954809e-01, 1.076586276405099e-04, 3.376885542431317e-04, 5.001926690970828e-01, 3.298307663606518e-04,-4.996233843029269e-01, 5.003794753303304e-01,-1.044561138634449e-04
 5.220000000000000e+02, 4.996165164590952e-01, 1.043211979122767e-04, 3.342251938738663e-04, 5.001946616422102e-01, 3.263378624949871e-04,-4.996196713464774e-01, 5.003851633940756e-01,-1.010927703571450e-04
 5.250000000000000e+02, 4.996109937627465e-01, 1.008776566156467e-04, 3.306157188025838e-04, 5.001965937429755e-01, 3.226991993661429e-04,-4.996160606884915e-01, 5.003907656262694e-01,-9.762381679961151e-05
 5.280000000000000e+02, 4.996055602659014e-01, 9.732577514690392e-05, 3.268518881278291e-04, 5.001984646617513e-01, 3.189067004207554e-04,-4.996125591165423e-01, 5.003962770401456e-01,-9.404705659625934e-05
 5.310000000000000e+02, 4.996002166513471e-01, 9.367468005230144e-05, 3.229361530931392e-04, 5.002002755784167e-01, 3.149632307914784e-04,-4.996091677284847e-01, 5.004016963714920e-01,-9.037156272158940e-05
 5.340000000000000e+02, 4.995949894492975e-01, 8.985897880029595e-05, 3.187968044775801e-04, 5.002020002536030e-01, 3.107975552164909e-04,-4.996059128541638e-01, 5.004069955465322e-01,-8.653261880464883e-05
 5.370000000000000e+02, 4.995958232286433e-01, 9.143134544873690e-05, 3.219911326782927e-04, 5.002018604553298e-01, 3.139653189879914e-04,-4.996045574011008e-01, 5.004062317849117e-01,-8.808469768873558e-05
 5.400000000000000e+02, 4.995967636888615e-01, 9.320709067496815e-05, 3.254151343208259e-04, 5.002017203779189e-01, 3.173616734848240e-04,-4.996032286095243e-01, 5.004053637444656e-01,-8.983955204986644e-05
 5.430000000000000e+02, 4.995976988616194e-01, 9.499697823180511e-05, 3.288319202226542e-04, 5.002015950326920e-01, 3.207504119409301e-04,-4.996019031143507e-01, 5.004045018691614e-01,-9.160823223358441e-05
 5.460000000000000e+02, 4.995986333434969e-01, 9.678683943896047e-05, 3.322255073540723e-04, 5.002014734812256e-01, 3.241155183329193e-04,-4.996005792362697e-01, 5.004036414974303e-01,-9.337662969414339e-05
 5.490000000000000e+02, 4.995995577548576e-01, 9.860450367280205e-05, 3.356237202371951e-04, 5.002013583901308e-01, 3.274847900443137e-04,-4.995992407311103e-01, 5.004027921394395e-01,-9.517251264140738e-05
 5.520000000000000e+02, 4.996004899906391e-01, 1.003957790525975e-04, 3.389741696628373e-04, 5.002012258900860e-01, 3.308063435091864e-04,-4.995979008028454e-01, 5.004019345949088e-01,-9.694206998981575e-05
 5.550000000000000e+02, 4.996014349752418e-01, 1.021455543843695e-04, 3.422652988857406e-04, 5.002010656048621e-01, 3.340687958607457e-04,-4.995965594182109e-01, 5.004010634386996e-01,-9.867036800306798e-05
 5.580000000000000e+02, 4.996023808872228e-01, 1.038894305108830e-04, 3.455377065184957e-04, 5.002008848007607e-01, 3.373125553877109e-04,-4.995951997102419e-01, 5.004001909874229e-01,-1.003928499613694e-04
 5.610000000000000e+02, 4.996033325950786e-01, 1.056126240114604e-04, 3.487825886376716e-04, 5.002006758671250e-01, 3.405289534353457e-04,-4.995938241305874e-01, 5.003993120901201e-01,-1.020947915174998e-04
 5.640000000000000e+02, 4.996043174165648e-01, 1.072307913781852e-04, 3.519220787065445e-04, 5.002004112126044e-01, 3.436411719513193e-04,-4.995924625261958e-01, 5.003983966246150e-01,-1.036927253526325e-04
 5.670000000000000e+02, 4.996088722524211e-01, 1.114533293693449e-04, 3.585369287718825e-04, 5.001988882657951e-01, 3.502317725767944e-04,-4.995923234104408e-01, 5.003939020929963e-01,-1.078987364160648e-04
 5.700000000000000e+02, 4.996168542620349e-01, 1.186437673737981e-04, 3.688897913985069e-04, 5.001962252506933e-01, 3.605584002073800e-04,-4.995932744361017e-01, 5.003859837221851e-01,-1.150727396223848e-04
 5.730000000000000e+02, 4.996250187401390e-01, 1.258378171204487e-04, 3.791480269692594e-04, 5.001934228715268e-01, 3.707898595703102e-04,-4.995943311409933e-01, 5.003778842397110e-01,-1.222499221080252e-04
 5.760000000000000e+02, 4.996333900817216e-01, 1.329407228381123e-04, 3.892194449413846e-04, 5.001904609149432e-01, 3.808349786946048e-04,-4.995955293264267e-01, 5.003695763009416e-01,-1.293364328530617e-04
 5.790000000000000e+02, 4.996419607612132e-01, 1.399624237607580e-04, 3.991147756889646e-04, 5.001873509003969e-01, 3.907045796421551e-04,-4.995968698285412e-01, 5.003610676056509e-01,-1.363419856737842e-04
 5.820000000000000e+02, 4.996507200901097e-01, 1.469255649704197e-04, 4.088559334370680e-04, 5.001841083418578e-01, 4.004203925603283e-04,-4.995983493496806e-01, 5.003523694281541e-01,-1.432890401495583e-04
 5.850000000000000e+02, 4.996596749899103e-01, 1.537942544301124e-04, 4.184044342215321e-04, 5.001807306966422e-01, 4.099440309444618e-04,-4.995999843512691e-01, 5.003434742816044e-01,-1.501419936646560e-04
 5.880000000000000e+02, 4.996688185940619e-01, 1.605747993930066e-04, 4.277621706273677e-04, 5.001772280530654e-01, 4.192773286244564e-04,-4.996017758631984e-01, 5.003343892280022e-01,-1.569070448794414e-04
 5.910000000000000e+02, 4.996781424198154e-01, 1.672786738817237e-04, 4.369348198291344e-04, 5.001736108733016e-01, 4.284260217866494e-04,-4.996037221582179e-01, 5.003251226535705e-01,-1.635956795801786e-04
 5.940000000000000e+02, 4.996876556047254e-01, 1.738627980819212e-04, 4.458725825775452e-04, 5.001698709210801e-01, 4.373405954911881e-04,-4.996058389997593e-01, 5.003156644792427e-01,-1.701652716433282e-04
 5.970000000000000e+02, 4.996973488390326e-01, 1.803430640225966e-04, 4.545840240133267e-04, 5.001660162712246e-01, 4.460293459221118e-04,-4.996081197701335e-01, 5.003060247718978e-01,-1.766314574174360e-04
 6.000000000000000e+02, 4.997072027107101e-01, 1.867656242646055e-04, 4.631079278894919e-04, 5.001620628656416e-01, 4.545306410504731e-04,-4.996105451069894e-01, 5.002962241013176e-01,-1.830399507813838e-04
 6.030000000000001e+02, 4.997172173498492e-01, 1.931147183031510e-04, 4.714217089803974e-04, 5.001580057142332e-01, 4.628219235982596e-04,-4.996131152531070e-01, 5.002862621920449e-01,-1.893751091910885e-04
 6.060000000000000e+02, 4.997273879888942e-01, 1.993906123960933e-04, 4.795198565225317e-04, 5.001538431629162e-01, 4.708975090236201e-04,-4.996158232179062e-01, 5.002761441727799e-01,-1.956371438552984e-04
 6.090000000000001e+02, 4.997377048273915e-01, 2.056084609469163e-04, 4.874129848127715e-04, 5.001495768673644e-01, 4.787679093378406e-04,-4.996186559716466e-01, 5.002658801444473e-01,-2.018410669478185e-04
 6.120000000000000e+02, 4.997481729005154e-01, 2.117382468516690e-04, 4.950683015777827e-04, 5.001451934648995e-01, 4.864006489768954e-04,-4.996216154899985e-01, 5.002554643343022e-01,-2.079570615077225e-04
 6.150000000000000e+02, 4.997587930852654e-01, 2.177632505668234e-04, 5.024682585036865e-04, 5.001406832777127e-01, 4.937782783644993e-04,-4.996246987132165e-01, 5.002448955766126e-01,-2.139685203895924e-04
 6.180000000000000e+02, 4.997695567735165e-01, 2.236939267763470e-04, 5.096242892451781e-04, 5.001360457832432e-01, 5.009122302995148e-04,-4.996278931722092e-01, 5.002341824687871e-01,-2.198858815594971e-04
 6.210000000000000e+02, 4.997804635316070e-01, 2.295149462236423e-04, 5.165238418185682e-04, 5.001312733152862e-01, 5.077901749066376e-04,-4.996311957429920e-01, 5.002233249546690e-01,-2.256939521667590e-04
 6.240000000000000e+02, 4.997915119152364e-01, 2.352130281804307e-04, 5.231579613300127e-04, 5.001263601827335e-01, 5.144032120602785e-04,-4.996346031599095e-01, 5.002123243486339e-01,-2.313795308675217e-04
 6.270000000000000e+02, 4.998026912030542e-01, 2.408020960844971e-04, 5.295461264890078e-04, 5.001213116094012e-01, 5.207707207167605e-04,-4.996381035766976e-01, 5.002011915983624e-01,-2.369564633316983e-04
 6.300000000000000e+02, 4.998139964750706e-01, 2.462734234606338e-04, 5.356860580523864e-04, 5.001161301381739e-01, 5.268906542284779e-04,-4.996416923733578e-01, 5.001899311816096e-01,-2.424160906478763e-04
 6.330000000000000e+02, 4.998254823726987e-01, 2.514474639549071e-04, 5.414042555548960e-04, 5.001107603815144e-01, 5.325914338468761e-04,-4.996454336227862e-01, 5.001784837625416e-01,-2.475802764503796e-04
 6.360000000000000e+02, 4.998370429034975e-01, 2.566203573769114e-04, 5.470029848110722e-04, 5.001053047082420e-01, 5.381721366413970e-04,-4.996492172596576e-01, 5.001669629743103e-01,-2.527429793930141e-04
 6.390000000000000e+02, 4.998487014986348e-01, 2.617265202438484e-04, 5.524217391944203e-04, 5.000997414542717e-01, 5.435724690759878e-04,-4.996530739278244e-01, 5.001553449253560e-01,-2.578388031425451e-04
 6.420000000000000e+02, 4.998604666439631e-01, 2.667168097813441e-04, 5.576152164180617e-04, 5.000940661006189e-01, 5.487480202180667e-04,-4.996570219902495e-01, 5.001436190056138e-01,-2.628191724888984e-04
 6.450000000000000e+02, 4.998723403077336e-01, 2.715679290932502e-04, 5.625622404555718e-04, 5.000882805855059e-01, 5.536779027213881e-04,-4.996610726647185e-01, 5.001317828501439e-01,-2.676607950554509e-04
 6.480000000000000e+02, 4.998843159280889e-01, 2.762839862510270e-04, 5.672674609289012e-04, 5.000823961300668e-01, 5.583667967707118e-04,-4.996652278956966e-01, 5.001198430041227e-01,-2.723677588859746e-04
 6.510000000000000e+02, 4.998963850991252e-01, 2.808752723895790e-04, 5.717398876696195e-04, 5.000764251910834e-01, 5.628235913408378e-04,-4.996694878559228e-01, 5.001078080511622e-01,-2.769503398313044e-04
 6.540000000000000e+02, 4.999085490383407e-01, 2.853225721995799e-04, 5.759572358003325e-04, 5.000703699080655e-01, 5.670259979673653e-04,-4.996738624262703e-01, 5.000956766870042e-01,-2.813893987733710e-04
 6.570000000000000e+02, 4.999207994569372e-01, 2.896343078068010e-04, 5.799233627697343e-04, 5.000642406616895e-01, 5.709778004987420e-04,-4.996783503207856e-01, 5.000834574141633e-01,-2.856932755099463e-04
 6.600000000000000e+02, 4.999331240744954e-01, 2.938319570299136e-04, 5.836541563329927e-04, 5.000580503007843e-01, 5.746946690372598e-04,-4.996829443608855e-01, 5.000711629724078e-01,-2.898833308196303e-04
 6.630000000000000e+02, 4.999455235926075e-01, 2.978979695285173e-04, 5.871258307618678e-04, 5.000517972862065e-01, 5.781528064418688e-04,-4.996876493745485e-01, 5.000587926360137e-01,-2.939420812864208e-04
 6.660000000000001e+02, 4.999579900770241e-01, 3.018398149054327e-04, 5.903394493995521e-04, 5.000454866695820e-01, 5.813531992916057e-04,-4.996924592412858e-01, 5.000463545841154e-01,-2.978768932823363e-04
 6.690000000000000e+02, 4.999705106340930e-01, 3.056809672861616e-04, 5.933125449492015e-04, 5.000391264893791e-01, 5.843131440217801e-04,-4.996973606253736e-01, 5.000338622162923e-01,-3.017110880195549e-04
 6.720000000000001e+02, 4.999830883314402e-01, 3.093974055589096e-04, 5.960160517326825e-04, 5.000327076071438e-01, 5.870036697078123e-04,-4.997023555226968e-01, 5.000213122146673e-01,-3.054207664838120e-04
 6.750000000000000e+02, 4.999957188931369e-01, 3.129861024799432e-04, 5.984431233895391e-04, 5.000262265079147e-01, 5.894179886943784e-04,-4.997074371868534e-01, 5.000087087707009e-01,-3.090029029622734e-04
 6.780000000000001e+02, 5.000083918200491e-01, 3.164635355166874e-04, 6.006081548720046e-04, 5.000196849840683e-01, 5.915704167353493e-04,-4.997125911269842e-01, 4.999960625667037e-01,-3.124738999026934e-04
 6.810000000000000e+02, 5.000211114392429e-01, 3.198011001393220e-04, 6.024823402489918e-04, 5.000130701426766e-01, 5.934324241000770e-04,-4.997178180726993e-01, 4.999833686769722e-01,-3.158053390511695e-04
 6.840000000000001e+02, 5.000338726420053e-01, 3.229953111172900e-04, 6.040637984857500e-04, 5.000063779091054e-01, 5.950022196014149e-04,-4.997231093409197e-01, 4.999706320119850e-01,-3.189937915717320e-04
 6.870000000000000e+02, 5.000466623107643e-01, 3.260671552902134e-04, 6.053770810697643e-04, 4.999996129134435e-01, 5.963041684835062e-04,-4.997284477904127e-01, 4.999578660401547e-01,-3.220601611123031e-04
 6.900000000000001e+02, 5.000594821333071e-01, 3.289928183007172e-04, 6.064034511167953e-04, 4.999927662224295e-01, 5.973196895390554e-04,-4.997338333971432e-01, 4.999450686349762e-01,-3.249808141421329e-04
 6.930000000000000e+02, 5.000723268644625e-01, 3.317696414734646e-04, 6.071466034776342e-04, 4.999858373926436e-01, 5.980525047177980e-04,-4.997392599304281e-01, 4.999322449490985e-01,-3.277531274361438e-04
 6.960000000000000e+02, 5.000851835174077e-01, 3.344180003119867e-04, 6.076343178682109e-04, 4.999788364512300e-01, 5.985302668183610e-04,-4.997447133166129e-01, 4.999194083424156e-01,-3.303973257997101e-04
 6.990000000000000e+02, 5.000980670523734e-01, 3.368755314249408e-04, 6.078115345607149e-04, 4.999717470892971e-01, 5.986986922390701e-04,-4.997502130364952e-01, 4.999065421178435e-01,-3.328515250289456e-04
 7.020000000000000e+02, 5.001109677917565e-01, 3.391335946870048e-04, 6.076763535084499e-04, 4.999645774122597e-01, 5.985560807752901e-04,-4.997557560411433e-01, 4.998936552306131e-01,-3.351073531751854e-04
 7.050000000000000e+02, 5.001238439392854e-01, 3.413324644392189e-04, 6.073756677658015e-04, 4.999573689011754e-01, 5.982470979104299e-04,-4.997613002416840e-01, 4.998807946133964e-01,-3.373037071213639e-04
 7.080000000000000e+02, 5.001367116784898e-01, 3.433964905465140e-04, 6.068388776375129e-04, 4.999501095149301e-01, 5.977023498557544e-04,-4.997668722746167e-01, 4.998679412341365e-01,-3.393657093413162e-04
 7.110000000000000e+02, 5.001495709597766e-01, 3.453073184301259e-04, 6.060511179307285e-04, 4.999428033623265e-01, 5.969072264736627e-04,-4.997724808808726e-01, 4.998550947473849e-01,-3.412750218020042e-04
 7.140000000000000e+02, 5.001624172836634e-01, 3.470621663927228e-04, 6.050113864200504e-04, 4.999354596051545e-01, 5.958608435031070e-04,-4.997781301770102e-01, 4.998422595576256e-01,-3.430288391222962e-04
 7.170000000000000e+02, 5.001752394931648e-01, 3.486829838643091e-04, 6.037417463020776e-04, 4.999280937584888e-01, 5.945849131242364e-04,-4.997838167245893e-01, 4.998294474507380e-01,-3.446489543212532e-04
 7.200000000000000e+02, 5.001880362427775e-01, 3.501623208375575e-04, 6.022329708194110e-04, 4.999207108262410e-01, 5.930701000910077e-04,-4.997895473761831e-01, 4.998166599379230e-01,-3.461278886397772e-04
 7.230000000000000e+02, 5.002008024662650e-01, 3.515041326983344e-04, 6.004856566679559e-04, 4.999133184610434e-01, 5.913169471886802e-04,-4.997953240476408e-01, 4.998039023646870e-01,-3.474695074032631e-04
 7.260000000000000e+02, 5.002135290813952e-01, 3.527263101157063e-04, 5.985132207158606e-04, 4.999059269106264e-01, 5.893386746219266e-04,-4.998011427973829e-01, 4.997911843126474e-01,-3.486915486463101e-04
 7.290000000000000e+02, 5.002262166451962e-01, 3.538130457439319e-04, 5.962946153811144e-04, 4.998985354062889e-01, 5.871143716765936e-04,-4.998070086566175e-01, 4.997785049031109e-01,-3.497783036302337e-04
 7.320000000000000e+02, 5.002388606241224e-01, 3.547619614062944e-04, 5.938219930029466e-04, 4.998911463493628e-01, 5.846362886617625e-04,-4.998129194471547e-01, 4.997658685128497e-01,-3.507274442650207e-04
 7.350000000000000e+02, 5.002514513644876e-01, 3.555881183917182e-04, 5.911053158916670e-04, 4.998837652922598e-01, 5.819142018847913e-04,-4.998188653448015e-01, 4.997532851553346e-01,-3.515539324165920e-04
 7.380000000000000e+02, 5.002639891703969e-01, 3.562780264353870e-04, 5.881267501757797e-04, 4.998763864017662e-01, 5.789303620799136e-04,-4.998248454254296e-01, 4.997407543493236e-01,-3.522443122256195e-04
 7.410000000000001e+02, 5.002764688458267e-01, 3.568325113000224e-04, 5.848840094617991e-04, 4.998690077124862e-01, 5.756825250023677e-04,-4.998308517486131e-01, 4.997282812303811e-01,-3.527994311925062e-04
 7.440000000000000e+02, 5.002888810522662e-01, 3.572661013773330e-04, 5.813901552106673e-04, 4.998616302352472e-01, 5.721835667217267e-04,-4.998368707072365e-01, 4.997158755064829e-01,-3.532337290607521e-04
 7.470000000000001e+02, 5.003012270057973e-01, 3.575636845913039e-04, 5.776304481876544e-04, 4.998542445259962e-01, 5.684188734012876e-04,-4.998428990686263e-01, 4.997035357468230e-01,-3.535321326138903e-04
 7.500000000000000e+02, 5.003135010886319e-01, 3.577277272109391e-04, 5.736095484518426e-04, 4.998468473326590e-01, 5.643931214311532e-04,-4.998489269626785e-01, 4.996912675170994e-01,-3.536971300508995e-04
 7.530000000000001e+02, 5.003256944030099e-01, 3.577722636407724e-04, 5.693456366585882e-04, 4.998394393744471e-01, 5.601243163109255e-04,-4.998549409341508e-01, 4.996790800694856e-01,-3.537426780466361e-04
 7.560000000000000e+02, 5.003378087200395e-01, 3.576799759034430e-04, 5.648270563298635e-04, 4.998320117816178e-01, 5.556009417072959e-04,-4.998609401800165e-01, 4.996669713566118e-01,-3.536515395544618e-04
 7.590000000000001e+02, 5.003498377391328e-01, 3.574562097664713e-04, 5.600662349588979e-04, 4.998245652230942e-01, 5.508353679080648e-04,-4.998669165675237e-01, 4.996549476771577e-01,-3.534290959464267e-04
 7.620000000000000e+02, 5.003617731621537e-01, 3.571139961420744e-04, 5.550843657548230e-04, 4.998171050869772e-01, 5.458486753830488e-04,-4.998728601135742e-01, 4.996430176541842e-01,-3.530882580403723e-04
 7.650000000000001e+02, 5.003736182043502e-01, 3.566314928606003e-04, 5.498679034593144e-04, 4.998096271178269e-01, 5.406276800337873e-04,-4.998787756303222e-01, 4.996311775236806e-01,-3.526072370891744e-04
 7.680000000000000e+02, 5.003853830854619e-01, 3.559475402469275e-04, 5.443631945850728e-04, 4.998021199898060e-01, 5.351196275685239e-04,-4.998846811556322e-01, 4.996194149234404e-01,-3.519255126383407e-04
 7.710000000000000e+02, 5.003970226938956e-01, 3.552096503950375e-04, 5.387254607192649e-04, 4.997946285353513e-01, 5.294774097427537e-04,-4.998905308126472e-01, 4.996077799525903e-01,-3.511893059551004e-04
 7.740000000000000e+02, 5.004085521134860e-01, 3.543554115610387e-04, 5.328984068969318e-04, 4.997871418560789e-01, 5.236457623315198e-04,-4.998963486919453e-01, 4.995962552947659e-01,-3.503367949059333e-04
 7.770000000000000e+02, 5.004199731890338e-01, 3.533658551342208e-04, 5.268677146540639e-04, 4.997796627276817e-01, 5.176106632261408e-04,-4.999021445853824e-01, 4.995848387105263e-01,-3.493490185738679e-04
 7.800000000000000e+02, 5.004312810622321e-01, 3.522458312841079e-04, 5.206411608178286e-04, 4.997722010113176e-01, 5.113799564357280e-04,-4.999079215757254e-01, 4.995735350637317e-01,-3.482307350363543e-04
 7.830000000000000e+02, 5.004424675208120e-01, 3.510106602410400e-04, 5.142353445528696e-04, 4.997647700289991e-01, 5.049699977869429e-04,-4.999136789105544e-01, 4.995623529553109e-01,-3.469972124562122e-04
 7.860000000000000e+02, 5.004535349017346e-01, 3.496450059664780e-04, 5.076342009025591e-04, 4.997573719784504e-01, 4.983648463621198e-04,-4.999194270568013e-01, 4.995512898778217e-01,-3.456331440690352e-04
 7.890000000000000e+02, 5.004644785864316e-01, 3.481519567323701e-04, 5.008385380328319e-04, 4.997500149766599e-01, 4.915653376421554e-04,-4.999251683133191e-01, 4.995403504058067e-01,-3.441416172930109e-04
 7.920000000000000e+02, 5.004752890661117e-01, 3.465454247053042e-04, 4.938588656927852e-04, 4.997427106721564e-01, 4.845817702137841e-04,-4.999308983503603e-01, 4.995295442779838e-01,-3.425365785546273e-04
 7.950000000000000e+02, 5.004859676587808e-01, 3.448092783761857e-04, 4.866746333438678e-04, 4.997354585075383e-01, 4.773937761840094e-04,-4.999366226426717e-01, 4.995188698934865e-01,-3.408019449559343e-04
 7.980000000000000e+02, 5.004965098767724e-01, 3.429465938929117e-04, 4.792842330394333e-04, 4.997282618135357e-01, 4.699997591130648e-04,-4.999423385454178e-01, 4.995083317168421e-01,-3.389407890370545e-04
 8.010000000000000e+02, 5.005069074698034e-01, 3.409708423225860e-04, 4.716967187524824e-04, 4.997211257830596e-01, 4.624085993704040e-04,-4.999480374537790e-01, 4.994979382448482e-01,-3.369665547102409e-04
 8.040000000000000e+02, 5.005171612270527e-01, 3.388684165861980e-04, 4.638946581660196e-04, 4.997140450668163e-01, 4.546030033299095e-04,-4.999537186231875e-01, 4.994876884830635e-01,-3.348656823756046e-04
 8.070000000000000e+02, 5.005272677957381e-01, 3.366394024319803e-04, 4.558754954759565e-04, 4.997070168807544e-01, 4.465804558785156e-04,-4.999593754706924e-01, 4.994775856968806e-01,-3.326382662958300e-04
 8.100000000000000e+02, 5.005372180078723e-01, 3.343006679016522e-04, 4.476550271307699e-04, 4.997000428824694e-01, 4.383565669441060e-04,-4.999649941225333e-01, 4.994676393581917e-01,-3.303011263014382e-04
 8.130000000000000e+02, 5.005470131842572e-01, 3.318388519684889e-04, 4.392205845925830e-04, 4.996931142302236e-01, 4.299187981532962e-04,-4.999705708165425e-01, 4.994578479681770e-01,-3.278409397834074e-04
 8.160000000000001e+02, 5.005566504504775e-01, 3.292522887006737e-04, 4.305730209710959e-04, 4.996862257331727e-01, 4.212680540915645e-04,-4.999760977139671e-01, 4.994482142702283e-01,-3.252560704549031e-04
 8.168050000000001e+02, 5.005592010234978e-01, 3.285187598667286e-04, 4.280821016641556e-04, 4.996839641892324e-01, 4.187759929108204e-04,-4.999771428158286e-01, 4.994456637317657e-01,-3.245239919815727e-04
 8.168050000000001e+02, 5.005592010234978e-01, 3.285187598667286e-04, 4.280821016641556e-04, 4.996839641892324e-01, 4.187759929108204e-04,-4.999771428158286e-01, 4.994456637317657e-01,-3.245239919815727e-04
